scheme,L,t0,n,k,t_total,keygen_s,enc_s,dec_s,success,pk_bits,priv_bits,rate_n_over_k,sec_bits_est
bch,5,2,75,35,6,0.010426759719848633,0.00099945068359375,0.0,1,2625,2525,2.142857142857143,30.163439265170457
bch,5,2,75,35,3,0.012035369873046875,0.0009443759918212891,0.0,1,2625,2525,2.142857142857143,18.171914181181112
bch,5,2,75,35,5,0.012838363647460938,0.0,0.0,1,2625,2525,2.142857142857143,26.5019501266066
bch,5,2,75,35,6,0.014863252639770508,0.0,0.0,1,2625,2525,2.142857142857143,30.163439265170457
bch,5,2,75,35,4,0.011494874954223633,0.0,0.0,1,2625,2525,2.142857142857143,22.52935630235864
bch,5,2,75,35,4,0.010020256042480469,0.0,0.0,1,2625,2525,2.142857142857143,22.52935630235864
bch,5,2,75,35,3,0.010004043579101562,0.0,0.0,1,2625,2525,2.142857142857143,18.171914181181112
bch,5,2,75,35,3,0.009539127349853516,0.0,0.0,1,2625,2525,2.142857142857143,18.171914181181112
bch,5,2,75,35,4,0.01435089111328125,0.0,0.0,1,2625,2525,2.142857142857143,22.52935630235864
bch,5,2,75,35,4,0.010513782501220703,0.0009992122650146484,0.0,1,2625,2525,2.142857142857143,22.52935630235864
bch,5,2,75,35,6,0.014996051788330078,0.0,0.0,1,2625,2525,2.142857142857143,30.163439265170457
bch,5,2,75,35,7,0.0215151309967041,0.0,0.0,1,2625,2525,2.142857142857143,33.56244412776476
bch,5,2,75,35,4,0.013493537902832031,0.0,0.0,1,2625,2525,2.142857142857143,22.52935630235864
bch,5,2,75,35,5,0.013243436813354492,0.0,0.0005586147308349609,1,2625,2525,2.142857142857143,26.5019501266066
bch,5,2,75,35,4,0.03192710876464844,0.0,0.0,1,2625,2525,2.142857142857143,22.52935630235864
bch,5,2,75,35,4,0.009994745254516602,0.001001119613647461,0.0,1,2625,2525,2.142857142857143,22.52935630235864
bch,5,2,75,35,7,0.014040708541870117,0.0,0.0,1,2625,2525,2.142857142857143,33.56244412776476
bch,5,2,75,35,4,0.012387514114379883,0.0,0.0009999275207519531,1,2625,2525,2.142857142857143,22.52935630235864
bch,5,2,75,35,6,0.01198887825012207,0.0,0.0,1,2625,2525,2.142857142857143,30.163439265170457
bch,5,2,75,35,3,0.009633064270019531,0.0,0.0,1,2625,2525,2.142857142857143,18.171914181181112
bch,5,2,75,35,4,0.017532825469970703,0.0,0.0014638900756835938,1,2625,2525,2.142857142857143,22.52935630235864
bch,5,2,75,35,5,0.017575740814208984,0.0,0.0,1,2625,2525,2.142857142857143,26.5019501266066
bch,5,2,75,35,5,0.010801076889038086,0.0009987354278564453,0.0,1,2625,2525,2.142857142857143,26.5019501266066
bch,5,2,75,35,3,0.009336233139038086,0.0,0.0014903545379638672,1,2625,2525,2.142857142857143,18.171914181181112
bch,5,2,75,35,3,0.0175321102142334,0.0,0.0,1,2625,2525,2.142857142857143,18.171914181181112
bch,5,2,75,35,8,0.013998985290527344,0.0,0.0,1,2625,2525,2.142857142857143,36.73342602652031
bch,5,2,75,35,6,0.015300989151000977,0.0,0.0012555122375488281,1,2625,2525,2.142857142857143,30.163439265170457
bch,5,2,75,35,3,0.01574254035949707,0.0,0.0009963512420654297,1,2625,2525,2.142857142857143,18.171914181181112
bch,5,2,75,35,5,0.009000778198242188,0.0,0.0010793209075927734,1,2625,2525,2.142857142857143,26.5019501266066
bch,5,2,75,35,1,0.010198593139648438,0.001004934310913086,0.0,1,2625,2525,2.142857142857143,7.6618527306487785
bch,5,2,75,35,5,0.011711359024047852,0.0,0.0,1,2625,2525,2.142857142857143,26.5019501266066
bch,5,2,75,35,3,0.013889789581298828,0.0010018348693847656,0.0,1,2625,2525,2.142857142857143,18.171914181181112
bch,5,2,75,35,5,0.012015819549560547,0.0,0.0,1,2625,2525,2.142857142857143,26.5019501266066
bch,5,2,75,35,4,0.02778482437133789,0.0012526512145996094,0.0,1,2625,2525,2.142857142857143,22.52935630235864
bch,5,2,75,35,8,0.011098384857177734,0.0,0.0,1,2625,2525,2.142857142857143,36.73342602652031
bch,5,2,75,35,5,0.012232542037963867,0.0,0.0,1,2625,2525,2.142857142857143,26.5019501266066
bch,5,2,75,35,2,0.01791524887084961,0.0,0.0,1,2625,2525,2.142857142857143,13.304208988949801
bch,5,2,75,35,2,0.022496700286865234,0.0,0.0009987354278564453,1,2625,2525,2.142857142857143,13.304208988949801
bch,5,2,75,35,5,0.01952505111694336,0.0010008811950683594,0.0,1,2625,2525,2.142857142857143,26.5019501266066
bch,5,2,75,35,5,0.009998798370361328,0.0,0.0,1,2625,2525,2.142857142857143,26.5019501266066
bch,5,2,75,35,4,0.016680240631103516,0.0,0.0,1,2625,2525,2.142857142857143,22.52935630235864
bch,5,2,75,35,2,0.010518550872802734,0.0,0.0010020732879638672,1,2625,2525,2.142857142857143,13.304208988949801
bch,5,2,75,35,7,0.012275934219360352,0.0,0.0,1,2625,2525,2.142857142857143,33.56244412776476
bch,5,2,75,35,7,0.011011838912963867,0.0,0.0,1,2625,2525,2.142857142857143,33.56244412776476
bch,5,2,75,35,4,0.012469053268432617,0.0010013580322265625,0.0,1,2625,2525,2.142857142857143,22.52935630235864
bch,5,2,75,35,9,0.01416015625,0.0010008811950683594,0.0,1,2625,2525,2.142857142857143,39.70206489655233
bch,5,2,75,35,3,0.0125885009765625,0.0010013580322265625,0.0,1,2625,2525,2.142857142857143,18.171914181181112
bch,5,2,75,35,6,0.030761003494262695,0.0009987354278564453,0.0,1,2625,2525,2.142857142857143,30.163439265170457
bch,5,2,75,35,6,0.02073812484741211,0.0,0.000997304916381836,1,2625,2525,2.142857142857143,30.163439265170457
bch,5,2,75,35,3,0.018061399459838867,0.0005068778991699219,0.0,1,2625,2525,2.142857142857143,18.171914181181112
bch,5,2,75,35,7,0.010537147521972656,0.0,0.0,1,2625,2525,2.142857142857143,33.56244412776476
bch,5,2,75,35,7,0.018229007720947266,0.0,0.0,1,2625,2525,2.142857142857143,33.56244412776476
bch,5,2,75,35,8,0.01727008819580078,0.0,0.0,1,2625,2525,2.142857142857143,36.73342602652031
bch,5,2,75,35,6,0.012042045593261719,0.00101470947265625,0.0,1,2625,2525,2.142857142857143,30.163439265170457
bch,5,2,75,35,4,0.023560285568237305,0.0010044574737548828,0.0,1,2625,2525,2.142857142857143,22.52935630235864
bch,5,2,75,35,7,0.011995792388916016,0.0,0.0,1,2625,2525,2.142857142857143,33.56244412776476
bch,5,2,75,35,6,0.019745826721191406,0.0,0.0,1,2625,2525,2.142857142857143,30.163439265170457
bch,5,2,75,35,6,0.012793302536010742,0.0,0.0,1,2625,2525,2.142857142857143,30.163439265170457
bch,5,2,75,35,8,0.011997699737548828,0.0,0.0010006427764892578,1,2625,2525,2.142857142857143,36.73342602652031
bch,5,2,75,35,5,0.01101374626159668,0.0,0.0,1,2625,2525,2.142857142857143,26.5019501266066
bch,5,2,75,35,4,0.014275789260864258,0.0,0.0,1,2625,2525,2.142857142857143,22.52935630235864
bch,5,2,75,35,3,0.010004758834838867,0.0,0.0,1,2625,2525,2.142857142857143,18.171914181181112
bch,5,2,75,35,5,0.02699732780456543,0.0,0.0,1,2625,2525,2.142857142857143,26.5019501266066
bch,5,2,75,35,1,0.00978708267211914,0.0,0.0,1,2625,2525,2.142857142857143,7.6618527306487785
bch,5,2,75,35,5,0.02880096435546875,0.0,0.0,1,2625,2525,2.142857142857143,26.5019501266066
bch,5,2,75,35,2,0.01376485824584961,0.0,0.0,1,2625,2525,2.142857142857143,13.304208988949801
bch,5,2,75,35,3,0.036231040954589844,0.0,0.0,1,2625,2525,2.142857142857143,18.171914181181112
bch,5,2,75,35,6,0.04992318153381348,0.001004934310913086,0.0,1,2625,2525,2.142857142857143,30.163439265170457
bch,5,2,75,35,3,0.013023614883422852,0.0009951591491699219,0.0009529590606689453,1,2625,2525,2.142857142857143,18.171914181181112
bch,5,2,75,35,5,0.01053762435913086,0.0,0.0,1,2625,2525,2.142857142857143,26.5019501266066
bch,5,2,75,35,5,0.01855945587158203,0.0,0.0005097389221191406,1,2625,2525,2.142857142857143,26.5019501266066
bch,5,2,75,35,4,0.00990748405456543,0.0,0.0,1,2625,2525,2.142857142857143,22.52935630235864
bch,5,2,75,35,5,0.011696100234985352,0.0,0.0,1,2625,2525,2.142857142857143,26.5019501266066
bch,5,2,75,35,4,0.013543367385864258,0.0,0.0,1,2625,2525,2.142857142857143,22.52935630235864
bch,5,2,75,35,8,0.01929020881652832,0.0,0.0009911060333251953,1,2625,2525,2.142857142857143,36.73342602652031
bch,5,2,75,35,5,0.016034364700317383,0.0,0.0,1,2625,2525,2.142857142857143,26.5019501266066
bch,5,2,75,35,5,0.010559320449829102,0.0,0.0015056133270263672,1,2625,2525,2.142857142857143,26.5019501266066
bch,5,2,75,35,8,0.012369155883789062,0.0,0.0,1,2625,2525,2.142857142857143,36.73342602652031
bch,5,2,75,35,7,0.01600170135498047,0.0,0.0,1,2625,2525,2.142857142857143,33.56244412776476
bch,5,2,75,35,4,0.017993927001953125,0.0,0.0,1,2625,2525,2.142857142857143,22.52935630235864
bch,5,2,75,35,7,0.021562814712524414,0.0,0.0010006427764892578,1,2625,2525,2.142857142857143,33.56244412776476
bch,5,2,75,35,5,0.011013507843017578,0.0,0.0,1,2625,2525,2.142857142857143,26.5019501266066
bch,5,2,75,35,3,0.017992496490478516,0.0,0.0,1,2625,2525,2.142857142857143,18.171914181181112
bch,5,2,75,35,7,0.010067462921142578,0.0,0.0,1,2625,2525,2.142857142857143,33.56244412776476
bch,5,2,75,35,5,0.012002229690551758,0.0,0.0,1,2625,2525,2.142857142857143,26.5019501266066
bch,5,2,75,35,4,0.01225590705871582,0.0,0.0,1,2625,2525,2.142857142857143,22.52935630235864
bch,5,2,75,35,4,0.014007806777954102,0.0,0.0,1,2625,2525,2.142857142857143,22.52935630235864
bch,5,2,75,35,3,0.011554479598999023,0.0,0.0,1,2625,2525,2.142857142857143,18.171914181181112
bch,5,2,75,35,4,0.010999679565429688,0.0,0.0,1,2625,2525,2.142857142857143,22.52935630235864
bch,5,2,75,35,7,0.009980916976928711,0.0,0.0009982585906982422,1,2625,2525,2.142857142857143,33.56244412776476
bch,5,2,75,35,7,0.011523962020874023,0.0,0.0,1,2625,2525,2.142857142857143,33.56244412776476
bch,5,2,75,35,3,0.01195526123046875,0.001013040542602539,0.0,1,2625,2525,2.142857142857143,18.171914181181112
bch,5,2,75,35,6,0.01077580451965332,0.0,0.0,1,2625,2525,2.142857142857143,30.163439265170457
bch,5,2,75,35,4,0.010523557662963867,0.0,0.0,1,2625,2525,2.142857142857143,22.52935630235864
bch,5,2,75,35,3,0.01700735092163086,0.0,0.0,1,2625,2525,2.142857142857143,18.171914181181112
bch,5,2,75,35,4,0.01610398292541504,0.0,0.0,1,2625,2525,2.142857142857143,22.52935630235864
bch,5,2,75,35,4,0.0180819034576416,0.0,0.0010139942169189453,1,2625,2525,2.142857142857143,22.52935630235864
bch,5,2,75,35,9,0.009990930557250977,0.0,0.000995635986328125,1,2625,2525,2.142857142857143,39.70206489655233
bch,5,2,75,35,2,0.01358795166015625,0.0,0.0,1,2625,2525,2.142857142857143,13.304208988949801
bch,5,2,75,35,3,0.015172958374023438,0.0,0.0,1,2625,2525,2.142857142857143,18.171914181181112
bch,5,2,75,35,5,0.013566017150878906,0.0013437271118164062,0.0,1,2625,2525,2.142857142857143,26.5019501266066
bch,5,2,75,35,6,0.012402057647705078,0.0,0.0,1,2625,2525,2.142857142857143,30.163439265170457
bch,5,2,75,35,8,0.011189699172973633,0.0,0.0,1,2625,2525,2.142857142857143,36.73342602652031
bch,5,2,75,35,3,0.00959920883178711,0.0009999275207519531,0.0,1,2625,2525,2.142857142857143,18.171914181181112
bch,5,2,75,35,1,0.020000219345092773,0.0009970664978027344,0.0,1,2625,2525,2.142857142857143,7.6618527306487785
bch,5,2,75,35,4,0.012181758880615234,0.0,0.0008409023284912109,1,2625,2525,2.142857142857143,22.52935630235864
bch,5,2,75,35,1,0.009346485137939453,0.0005061626434326172,0.0,1,2625,2525,2.142857142857143,7.6618527306487785
bch,5,2,75,35,4,0.02075672149658203,0.0,0.0,1,2625,2525,2.142857142857143,22.52935630235864
bch,5,2,75,35,5,0.014871358871459961,0.0,0.0005066394805908203,1,2625,2525,2.142857142857143,26.5019501266066
bch,5,2,75,35,2,0.01724696159362793,0.0,0.0007343292236328125,1,2625,2525,2.142857142857143,13.304208988949801
bch,5,2,75,35,4,0.01359868049621582,0.0,0.001008749008178711,1,2625,2525,2.142857142857143,22.52935630235864
bch,5,2,75,35,5,0.010380029678344727,0.0005395412445068359,0.0,1,2625,2525,2.142857142857143,26.5019501266066
bch,5,2,75,35,3,0.012664318084716797,0.0,0.0,1,2625,2525,2.142857142857143,18.171914181181112
bch,5,2,75,35,4,0.013612031936645508,0.0,0.0,1,2625,2525,2.142857142857143,22.52935630235864
bch,5,2,75,35,3,0.014811038970947266,0.0005059242248535156,0.0,1,2625,2525,2.142857142857143,18.171914181181112
bch,5,2,75,35,4,0.009584903717041016,0.0,0.0005130767822265625,1,2625,2525,2.142857142857143,22.52935630235864
bch,5,2,75,35,6,0.013051271438598633,0.0,0.0,1,2625,2525,2.142857142857143,30.163439265170457
bch,5,2,75,35,8,0.013151884078979492,0.0,0.0,1,2625,2525,2.142857142857143,36.73342602652031
bch,5,2,75,35,5,0.02098870277404785,0.0,0.0010013580322265625,1,2625,2525,2.142857142857143,26.5019501266066
bch,5,2,75,35,5,0.01036524772644043,0.0,0.0,1,2625,2525,2.142857142857143,26.5019501266066
bch,5,2,75,35,8,0.014694929122924805,0.0,0.0,1,2625,2525,2.142857142857143,36.73342602652031
bch,5,2,75,35,1,0.010997533798217773,0.0,0.0,1,2625,2525,2.142857142857143,7.6618527306487785
bch,5,2,75,35,7,0.011430978775024414,0.0,0.0,1,2625,2525,2.142857142857143,33.56244412776476
bch,5,2,75,35,2,0.012230873107910156,0.0,0.0,1,2625,2525,2.142857142857143,13.304208988949801
bch,5,2,75,35,5,0.01032876968383789,0.0,0.0,1,2625,2525,2.142857142857143,26.5019501266066
bch,5,2,75,35,4,0.009858369827270508,0.0,0.0,1,2625,2525,2.142857142857143,22.52935630235864
bch,5,2,75,35,7,0.011652469635009766,0.0,0.0,1,2625,2525,2.142857142857143,33.56244412776476
bch,5,2,75,35,3,0.013780355453491211,0.0,0.0,1,2625,2525,2.142857142857143,18.171914181181112
bch,5,2,75,35,7,0.01306915283203125,0.00020265579223632812,0.0005099773406982422,1,2625,2525,2.142857142857143,33.56244412776476
bch,5,2,75,35,4,0.010585784912109375,0.0,0.0,1,2625,2525,2.142857142857143,22.52935630235864
bch,5,2,75,35,6,0.013018608093261719,0.0,0.0014376640319824219,1,2625,2525,2.142857142857143,30.163439265170457
bch,5,2,75,35,6,0.01398611068725586,0.0,0.0,1,2625,2525,2.142857142857143,30.163439265170457
bch,5,2,75,35,9,0.019236087799072266,0.0,0.0,1,2625,2525,2.142857142857143,39.70206489655233
bch,5,2,75,35,7,0.011139631271362305,0.0,0.0,1,2625,2525,2.142857142857143,33.56244412776476
bch,5,2,75,35,7,0.01001119613647461,0.0009989738464355469,0.0,1,2625,2525,2.142857142857143,33.56244412776476
bch,5,2,75,35,5,0.011022806167602539,0.0005054473876953125,0.0,1,2625,2525,2.142857142857143,26.5019501266066
bch,5,2,75,35,5,0.011876344680786133,0.0,0.0,1,2625,2525,2.142857142857143,26.5019501266066
bch,5,2,75,35,5,0.01325368881225586,0.0,0.0,1,2625,2525,2.142857142857143,26.5019501266066
bch,5,2,75,35,3,0.02386164665222168,0.00101470947265625,0.0,1,2625,2525,2.142857142857143,18.171914181181112
bch,5,2,75,35,8,0.012006521224975586,0.0,0.0010001659393310547,1,2625,2525,2.142857142857143,36.73342602652031
bch,5,2,75,35,5,0.01810312271118164,0.0,0.0010075569152832031,1,2625,2525,2.142857142857143,26.5019501266066
bch,5,2,75,35,7,0.019868135452270508,0.0,0.0,1,2625,2525,2.142857142857143,33.56244412776476
bch,5,2,75,35,5,0.009533166885375977,0.0009965896606445312,0.0,1,2625,2525,2.142857142857143,26.5019501266066
bch,5,2,75,35,5,0.01085972785949707,0.0010051727294921875,0.0,1,2625,2525,2.142857142857143,26.5019501266066
bch,5,2,75,35,5,0.03385329246520996,0.0,0.0,1,2625,2525,2.142857142857143,26.5019501266066
bch,5,2,75,35,4,0.012206315994262695,0.0010106563568115234,0.0,1,2625,2525,2.142857142857143,22.52935630235864
bch,5,2,75,35,3,0.01097249984741211,0.0010027885437011719,0.0,1,2625,2525,2.142857142857143,18.171914181181112
bch,5,2,75,35,5,0.012933969497680664,0.0,0.0,1,2625,2525,2.142857142857143,26.5019501266066
bch,5,2,75,35,6,0.010132789611816406,0.0,0.0,1,2625,2525,2.142857142857143,30.163439265170457
bch,5,2,75,35,6,0.017513513565063477,0.0,0.0,1,2625,2525,2.142857142857143,30.163439265170457
bch,5,2,75,35,4,0.015993595123291016,0.0,0.0,1,2625,2525,2.142857142857143,22.52935630235864
bch,5,2,75,35,4,0.02727818489074707,0.0,0.0,1,2625,2525,2.142857142857143,22.52935630235864
bch,5,2,75,35,7,0.01019597053527832,0.0,0.0,1,2625,2525,2.142857142857143,33.56244412776476
bch,5,2,75,35,4,0.015994787216186523,0.0010001659393310547,0.0,1,2625,2525,2.142857142857143,22.52935630235864
bch,5,2,75,35,5,0.022577285766601562,0.0,0.0,1,2625,2525,2.142857142857143,26.5019501266066
bch,5,2,75,35,5,0.0175168514251709,0.0,0.0,1,2625,2525,2.142857142857143,26.5019501266066
bch,5,2,75,35,5,0.014459371566772461,0.0,0.0010001659393310547,1,2625,2525,2.142857142857143,26.5019501266066
bch,5,2,75,35,7,0.03134655952453613,0.0,0.0,1,2625,2525,2.142857142857143,33.56244412776476
bch,5,2,75,35,6,0.013477802276611328,0.0009946823120117188,0.0,1,2625,2525,2.142857142857143,30.163439265170457
bch,5,2,75,35,7,0.030396223068237305,0.0,0.0,1,2625,2525,2.142857142857143,33.56244412776476
bch,5,2,75,35,5,0.01369786262512207,0.0,0.0,1,2625,2525,2.142857142857143,26.5019501266066
bch,5,2,75,35,4,0.018008708953857422,0.0,0.0010075569152832031,1,2625,2525,2.142857142857143,22.52935630235864
bch,5,2,75,35,4,0.010102272033691406,0.0010023117065429688,0.0,1,2625,2525,2.142857142857143,22.52935630235864
bch,5,2,75,35,5,0.010778427124023438,0.000997781753540039,0.0,1,2625,2525,2.142857142857143,26.5019501266066
bch,5,2,75,35,5,0.020287513732910156,0.001012563705444336,0.0,1,2625,2525,2.142857142857143,26.5019501266066
bch,5,2,75,35,6,0.012207269668579102,0.0,0.0010042190551757812,1,2625,2525,2.142857142857143,30.163439265170457
bch,5,2,75,35,0,0.013962745666503906,0.0,0.0,1,2625,2525,2.142857142857143,0.0
bch,5,2,75,35,4,0.010381460189819336,0.0010137557983398438,0.0,1,2625,2525,2.142857142857143,22.52935630235864
bch,5,2,75,35,1,0.010673284530639648,0.00130462646484375,0.0,1,2625,2525,2.142857142857143,7.6618527306487785
bch,5,2,75,35,2,0.024534225463867188,0.0,0.0,1,2625,2525,2.142857142857143,13.304208988949801
bch,5,2,75,35,4,0.010910272598266602,0.0,0.0,1,2625,2525,2.142857142857143,22.52935630235864
bch,5,2,75,35,8,0.016141414642333984,0.0,0.0,1,2625,2525,2.142857142857143,36.73342602652031
bch,5,2,75,35,6,0.012379646301269531,0.0,0.0,1,2625,2525,2.142857142857143,30.163439265170457
bch,5,2,75,35,4,0.009995460510253906,0.0010056495666503906,0.0,1,2625,2525,2.142857142857143,22.52935630235864
bch,5,2,75,35,6,0.013556957244873047,0.0,0.0,1,2625,2525,2.142857142857143,30.163439265170457
bch,5,2,75,35,6,0.020366430282592773,0.0,0.0010004043579101562,1,2625,2525,2.142857142857143,30.163439265170457
bch,5,2,75,35,8,0.010175704956054688,0.0,0.0010006427764892578,1,2625,2525,2.142857142857143,36.73342602652031
bch,5,2,75,35,2,0.012790679931640625,0.0,0.0,1,2625,2525,2.142857142857143,13.304208988949801
bch,5,2,75,35,5,0.015150070190429688,0.0,0.0,1,2625,2525,2.142857142857143,26.5019501266066
bch,5,2,75,35,5,0.011580705642700195,0.0,0.0,1,2625,2525,2.142857142857143,26.5019501266066
bch,5,2,75,35,6,0.028388500213623047,0.0,0.0,1,2625,2525,2.142857142857143,30.163439265170457
bch,5,2,75,35,3,0.011013269424438477,0.0,0.0010080337524414062,1,2625,2525,2.142857142857143,18.171914181181112
bch,5,2,75,35,4,0.01300811767578125,0.0009999275207519531,0.0,1,2625,2525,2.142857142857143,22.52935630235864
bch,5,2,75,35,4,0.026076555252075195,0.0,0.0,1,2625,2525,2.142857142857143,22.52935630235864
bch,5,2,75,35,5,0.015463590621948242,0.0010020732879638672,0.0,1,2625,2525,2.142857142857143,26.5019501266066
bch,5,2,75,35,6,0.018389225006103516,0.0010006427764892578,0.0,1,2625,2525,2.142857142857143,30.163439265170457
bch,5,2,75,35,4,0.014522552490234375,0.0,0.0010013580322265625,1,2625,2525,2.142857142857143,22.52935630235864
bch,5,2,75,35,4,0.014999151229858398,0.0,0.0,1,2625,2525,2.142857142857143,22.52935630235864
bch,5,2,75,35,4,0.014147520065307617,0.001001596450805664,0.0,1,2625,2525,2.142857142857143,22.52935630235864
bch,5,2,75,35,5,0.009913921356201172,0.0,0.0,1,2625,2525,2.142857142857143,26.5019501266066
bch,5,2,75,35,5,0.01924300193786621,0.0,0.0,1,2625,2525,2.142857142857143,26.5019501266066
bch,5,2,75,35,2,0.026846647262573242,0.0,0.001001119613647461,1,2625,2525,2.142857142857143,13.304208988949801
bch,5,2,75,35,5,0.019259929656982422,0.0,0.0,1,2625,2525,2.142857142857143,26.5019501266066
bch,5,2,75,35,1,0.034511566162109375,0.0,0.00101470947265625,1,2625,2525,2.142857142857143,7.6618527306487785
bch,5,2,75,35,5,0.01599407196044922,0.0,0.0009992122650146484,1,2625,2525,2.142857142857143,26.5019501266066
bch,5,2,75,35,6,0.009019851684570312,0.0,0.0010004043579101562,1,2625,2525,2.142857142857143,30.163439265170457
bch,5,2,75,35,7,0.019572973251342773,0.0010001659393310547,0.0,1,2625,2525,2.142857142857143,33.56244412776476
bch,5,2,75,35,7,0.012198209762573242,0.0009920597076416016,0.0,1,2625,2525,2.142857142857143,33.56244412776476
bch,5,2,75,35,5,0.013624191284179688,0.0009996891021728516,0.0,1,2625,2525,2.142857142857143,26.5019501266066
bch,5,2,75,35,6,0.014819622039794922,0.0,0.0,1,2625,2525,2.142857142857143,30.163439265170457
bch,10,2,150,70,7,0.08411931991577148,0.0009999275207519531,0.0,1,10500,9950,2.142857142857143,40.80971796066921
bch,10,2,150,70,10,0.07895827293395996,0.0,0.0009996891021728516,1,10500,9950,2.142857142857143,53.0039002532132
bch,10,2,150,70,8,0.07827067375183105,0.0010004043579101562,0.0010454654693603516,1,10500,9950,2.142857142857143,45.05871260471728
bch,10,2,150,70,10,0.07587957382202148,0.0,0.0010008811950683594,1,10500,9950,2.142857142857143,53.0039002532132
bch,10,2,150,70,12,0.10349225997924805,0.0,0.0009989738464355469,1,10500,9950,2.142857142857143,60.32687853034091
bch,10,2,150,70,11,0.11733627319335938,0.0010859966278076172,0.0005316734313964844,1,10500,9950,2.142857142857143,56.73624666080433
bch,10,2,150,70,11,0.0763089656829834,0.0,0.0010001659393310547,1,10500,9950,2.142857142857143,56.73624666080433
bch,10,2,150,70,7,0.08752918243408203,0.0010008811950683594,0.0010018348693847656,1,10500,9950,2.142857142857143,40.80971796066921
bch,10,2,150,70,9,0.08997821807861328,0.0,0.00099945068359375,1,10500,9950,2.142857142857143,49.11673787317144
bch,10,2,150,70,15,0.11882233619689941,0.0010004043579101562,0.0,1,10500,9950,2.142857142857143,70.34933903839219
bch,10,2,150,70,13,0.08106708526611328,0.0008957386016845703,0.0,1,10500,9950,2.142857142857143,63.78669187295578
bch,10,2,150,70,6,0.08582949638366699,0.001001119613647461,0.0,1,10500,9950,2.142857142857143,36.343828362362224
bch,10,2,150,70,10,0.08945393562316895,0.0,0.0009989738464355469,1,10500,9950,2.142857142857143,53.0039002532132
bch,10,2,150,70,13,0.09833097457885742,0.0,0.0010001659393310547,1,10500,9950,2.142857142857143,63.78669187295578
bch,10,2,150,70,10,0.09014034271240234,0.0,0.000997304916381836,1,10500,9950,2.142857142857143,53.0039002532132
bch,10,2,150,70,9,0.08002495765686035,0.001462697982788086,0.0,1,10500,9950,2.142857142857143,49.11673787317144
bch,10,2,150,70,6,0.0886232852935791,0.0,0.0010008811950683594,1,10500,9950,2.142857142857143,36.343828362362224
bch,10,2,150,70,15,0.06774759292602539,0.0010006427764892578,0.0,1,10500,9950,2.142857142857143,70.34933903839219
bch,10,2,150,70,11,0.07869958877563477,0.0009999275207519531,0.0,1,10500,9950,2.142857142857143,56.73624666080433
bch,10,2,150,70,10,0.20543479919433594,0.0010008811950683594,0.0,1,10500,9950,2.142857142857143,53.0039002532132
bch,10,2,150,70,7,0.1384882926940918,0.0010001659393310547,0.0,1,10500,9950,2.142857142857143,40.80971796066921
bch,10,2,150,70,10,0.08165884017944336,0.0005114078521728516,0.0010099411010742188,1,10500,9950,2.142857142857143,53.0039002532132
bch,10,2,150,70,8,0.0815434455871582,0.0010001659393310547,0.0,1,10500,9950,2.142857142857143,45.05871260471728
bch,10,2,150,70,8,0.08919143676757812,0.0010004043579101562,0.0009992122650146484,1,10500,9950,2.142857142857143,45.05871260471728
bch,10,2,150,70,12,0.08841896057128906,0.001001119613647461,0.0,1,10500,9950,2.142857142857143,60.32687853034091
bch,10,2,150,70,13,0.10103845596313477,0.0010066032409667969,0.0009999275207519531,1,10500,9950,2.142857142857143,63.78669187295578
bch,10,2,150,70,9,0.10682034492492676,0.0,0.0010006427764892578,1,10500,9950,2.142857142857143,49.11673787317144
bch,10,2,150,70,9,0.07864117622375488,0.0,0.0014660358428955078,1,10500,9950,2.142857142857143,49.11673787317144
bch,10,2,150,70,11,0.09851336479187012,0.0009996891021728516,0.0009984970092773438,1,10500,9950,2.142857142857143,56.73624666080433
bch,10,2,150,70,13,0.08168506622314453,0.0009992122650146484,0.0010020732879638672,1,10500,9950,2.142857142857143,63.78669187295578
bch,10,2,150,70,8,0.07970428466796875,0.0,0.0012388229370117188,1,10500,9950,2.142857142857143,45.05871260471728
bch,10,2,150,70,13,0.08701658248901367,0.0,0.0,1,10500,9950,2.142857142857143,63.78669187295578
bch,10,2,150,70,15,0.07772421836853027,0.001001119613647461,0.0,1,10500,9950,2.142857142857143,70.34933903839219
bch,10,2,150,70,11,0.06706786155700684,0.001001596450805664,0.0,1,10500,9950,2.142857142857143,56.73624666080433
bch,10,2,150,70,17,0.1684269905090332,0.001001119613647461,0.0,1,10500,9950,2.142857142857143,76.48337135146814
bch,10,2,150,70,15,0.07102775573730469,0.001440286636352539,0.0010166168212890625,1,10500,9950,2.142857142857143,70.34933903839219
bch,10,2,150,70,9,0.06641459465026855,0.0,0.0,1,10500,9950,2.142857142857143,49.11673787317144
bch,10,2,150,70,12,0.10003232955932617,0.0010020732879638672,0.0,1,10500,9950,2.142857142857143,60.32687853034091
bch,10,2,150,70,7,0.07802939414978027,0.0010008811950683594,0.00099945068359375,1,10500,9950,2.142857142857143,40.80971796066921
bch,10,2,150,70,9,0.0799560546875,0.0,0.0010020732879638672,1,10500,9950,2.142857142857143,49.11673787317144
bch,10,2,150,70,9,0.09150433540344238,0.0,0.002009153366088867,1,10500,9950,2.142857142857143,49.11673787317144
bch,10,2,150,70,10,0.07418584823608398,0.0009992122650146484,0.0,1,10500,9950,2.142857142857143,53.0039002532132
bch,10,2,150,70,13,0.06580829620361328,0.0009975433349609375,0.0,1,10500,9950,2.142857142857143,63.78669187295578
bch,10,2,150,70,7,0.09616303443908691,0.0009930133819580078,0.0,1,10500,9950,2.142857142857143,40.80971796066921
bch,10,2,150,70,8,0.13593459129333496,0.0005061626434326172,0.0,1,10500,9950,2.142857142857143,45.05871260471728
bch,10,2,150,70,7,0.07889366149902344,0.0009999275207519531,0.0010004043579101562,1,10500,9950,2.142857142857143,40.80971796066921
bch,10,2,150,70,8,0.14091825485229492,0.0,0.0013995170593261719,1,10500,9950,2.142857142857143,45.05871260471728
bch,10,2,150,70,9,0.06933975219726562,0.0,0.0010001659393310547,1,10500,9950,2.142857142857143,49.11673787317144
bch,10,2,150,70,10,0.1279909610748291,0.0,0.0009996891021728516,1,10500,9950,2.142857142857143,53.0039002532132
bch,10,2,150,70,12,0.09872293472290039,0.0010001659393310547,0.0,1,10500,9950,2.142857142857143,60.32687853034091
bch,10,2,150,70,10,0.0897974967956543,0.0010013580322265625,0.0,1,10500,9950,2.142857142857143,53.0039002532132
bch,10,2,150,70,9,0.09449458122253418,0.0010099411010742188,0.0,1,10500,9950,2.142857142857143,49.11673787317144
bch,10,2,150,70,15,0.08814620971679688,0.001001119613647461,0.0,1,10500,9950,2.142857142857143,70.34933903839219
bch,10,2,150,70,11,0.08816742897033691,0.0,0.0010006427764892578,1,10500,9950,2.142857142857143,56.73624666080433
bch,10,2,150,70,10,0.09032893180847168,0.0010073184967041016,0.0,1,10500,9950,2.142857142857143,53.0039002532132
bch,10,2,150,70,11,0.08244752883911133,0.0,0.0010046958923339844,1,10500,9950,2.142857142857143,56.73624666080433
bch,10,2,150,70,12,0.06962442398071289,0.0010004043579101562,0.0,1,10500,9950,2.142857142857143,60.32687853034091
bch,10,2,150,70,13,0.17599105834960938,0.0005078315734863281,0.0,1,10500,9950,2.142857142857143,63.78669187295578
bch,10,2,150,70,14,0.16616606712341309,0.0,0.0009999275207519531,1,10500,9950,2.142857142857143,67.12488825552953
bch,10,2,150,70,9,0.17356562614440918,0.0,0.0010085105895996094,1,10500,9950,2.142857142857143,49.11673787317144
bch,10,2,150,70,4,0.0706489086151123,0.0,0.0010001659393310547,1,10500,9950,2.142857142857143,26.608417977899602
bch,10,2,150,70,8,0.11469912528991699,0.0010027885437011719,0.0,1,10500,9950,2.142857142857143,45.05871260471728
bch,10,2,150,70,8,0.0990595817565918,0.0,0.0009987354278564453,1,10500,9950,2.142857142857143,45.05871260471728
bch,10,2,150,70,14,0.06867098808288574,0.0010159015655517578,0.0,1,10500,9950,2.142857142857143,67.12488825552953
bch,10,2,150,70,9,0.06560397148132324,0.0,0.0009996891021728516,1,10500,9950,2.142857142857143,49.11673787317144
bch,10,2,150,70,8,0.06969285011291504,0.00103759765625,0.0,1,10500,9950,2.142857142857143,45.05871260471728
bch,10,2,150,70,10,0.1305387020111084,0.001007080078125,0.0,1,10500,9950,2.142857142857143,53.0039002532132
bch,10,2,150,70,7,0.1052863597869873,0.0010104179382324219,0.0,1,10500,9950,2.142857142857143,40.80971796066921
bch,10,2,150,70,11,0.0765228271484375,0.0,0.0009989738464355469,1,10500,9950,2.142857142857143,56.73624666080433
bch,10,2,150,70,11,0.07824921607971191,0.0010128021240234375,0.0,1,10500,9950,2.142857142857143,56.73624666080433
bch,10,2,150,70,8,0.11163854598999023,0.0,0.001007080078125,1,10500,9950,2.142857142857143,45.05871260471728
bch,10,2,150,70,7,0.08077120780944824,0.0010066032409667969,0.0,1,10500,9950,2.142857142857143,40.80971796066921
bch,10,2,150,70,9,0.08742260932922363,0.0010154247283935547,0.0,1,10500,9950,2.142857142857143,49.11673787317144
bch,10,2,150,70,14,0.1304774284362793,0.0,0.0010097026824951172,1,10500,9950,2.142857142857143,67.12488825552953
bch,10,2,150,70,3,0.10258650779724121,0.0,0.0009996891021728516,1,10500,9950,2.142857142857143,21.216081381273103
bch,10,2,150,70,9,0.0673513412475586,0.0010006427764892578,0.0010006427764892578,1,10500,9950,2.142857142857143,49.11673787317144
bch,10,2,150,70,8,0.06827402114868164,0.0,0.0009992122650146484,1,10500,9950,2.142857142857143,45.05871260471728
bch,10,2,150,70,8,0.0790395736694336,0.0,0.0010004043579101562,1,10500,9950,2.142857142857143,45.05871260471728
bch,10,2,150,70,13,0.082550048828125,0.0010025501251220703,0.0009968280792236328,1,10500,9950,2.142857142857143,63.78669187295578
bch,10,2,150,70,12,0.09048962593078613,0.0,0.0010058879852294922,1,10500,9950,2.142857142857143,60.32687853034091
bch,10,2,150,70,12,0.12622880935668945,0.0,0.0009996891021728516,1,10500,9950,2.142857142857143,60.32687853034091
bch,10,2,150,70,7,0.0745394229888916,0.0,0.0015311241149902344,1,10500,9950,2.142857142857143,40.80971796066921
bch,10,2,150,70,8,0.10645413398742676,0.001004934310913086,0.0,1,10500,9950,2.142857142857143,45.05871260471728
bch,10,2,150,70,12,0.07487821578979492,0.0,0.001505136489868164,1,10500,9950,2.142857142857143,60.32687853034091
bch,10,2,150,70,12,0.09268689155578613,0.0,0.0009999275207519531,1,10500,9950,2.142857142857143,60.32687853034091
bch,10,2,150,70,12,0.0925898551940918,0.001001596450805664,0.0009996891021728516,1,10500,9950,2.142857142857143,60.32687853034091
bch,10,2,150,70,8,0.06793332099914551,0.0,0.0010170936584472656,1,10500,9950,2.142857142857143,45.05871260471728
bch,10,2,150,70,10,0.07496023178100586,0.0010006427764892578,0.0,1,10500,9950,2.142857142857143,53.0039002532132
bch,10,2,150,70,8,0.14977598190307617,0.0,0.0010118484497070312,1,10500,9950,2.142857142857143,45.05871260471728
bch,10,2,150,70,14,0.11849117279052734,0.0,0.0013034343719482422,1,10500,9950,2.142857142857143,67.12488825552953
bch,10,2,150,70,11,0.10862898826599121,0.0,0.0010008811950683594,1,10500,9950,2.142857142857143,56.73624666080433
bch,10,2,150,70,8,0.07819104194641113,0.0,0.0009984970092773438,1,10500,9950,2.142857142857143,45.05871260471728
bch,10,2,150,70,9,0.10039782524108887,0.0010073184967041016,0.0,1,10500,9950,2.142857142857143,49.11673787317144
bch,10,2,150,70,9,0.1022195816040039,0.0005054473876953125,0.0,1,10500,9950,2.142857142857143,49.11673787317144
bch,10,2,150,70,12,0.14737820625305176,0.0,0.0009980201721191406,1,10500,9950,2.142857142857143,60.32687853034091
bch,10,2,150,70,10,0.1085205078125,0.0009951591491699219,0.0010018348693847656,1,10500,9950,2.142857142857143,53.0039002532132
bch,10,2,150,70,11,0.09202694892883301,0.0,0.001252889633178711,1,10500,9950,2.142857142857143,56.73624666080433
bch,10,2,150,70,14,0.08153533935546875,0.0009984970092773438,0.0,1,10500,9950,2.142857142857143,67.12488825552953
bch,10,2,150,70,7,0.06562662124633789,0.0010001659393310547,0.0,1,10500,9950,2.142857142857143,40.80971796066921
bch,10,2,150,70,5,0.07796311378479004,0.001374959945678711,0.0,1,10500,9950,2.142857142857143,31.626345047779818
bch,10,2,150,70,6,0.0895235538482666,0.0,0.0010001659393310547,1,10500,9950,2.142857142857143,36.343828362362224
bch,10,2,150,70,14,0.0813906192779541,0.0010149478912353516,0.0,1,10500,9950,2.142857142857143,67.12488825552953
bch,10,2,150,70,14,0.21164965629577637,0.0,0.0009961128234863281,1,10500,9950,2.142857142857143,67.12488825552953
bch,10,2,150,70,11,0.06787467002868652,0.00099945068359375,0.0,1,10500,9950,2.142857142857143,56.73624666080433
bch,10,2,150,70,4,0.0680844783782959,0.0,0.0010609626770019531,1,10500,9950,2.142857142857143,26.608417977899602
bch,10,2,150,70,8,0.07961821556091309,0.0009968280792236328,0.0,1,10500,9950,2.142857142857143,45.05871260471728
bch,10,2,150,70,10,0.15086936950683594,0.0,0.0013082027435302734,1,10500,9950,2.142857142857143,53.0039002532132
bch,10,2,150,70,11,0.09306097030639648,0.0,0.0011456012725830078,1,10500,9950,2.142857142857143,56.73624666080433
bch,10,2,150,70,12,0.07947850227355957,0.0,0.0009996891021728516,1,10500,9950,2.142857142857143,60.32687853034091
bch,10,2,150,70,12,0.06787323951721191,0.0013303756713867188,0.0,1,10500,9950,2.142857142857143,60.32687853034091
bch,10,2,150,70,10,0.11322283744812012,0.0,0.0009996891021728516,1,10500,9950,2.142857142857143,53.0039002532132
bch,10,2,150,70,11,0.08134675025939941,0.0,0.0009999275207519531,1,10500,9950,2.142857142857143,56.73624666080433
bch,10,2,150,70,11,0.0820610523223877,0.0,0.00099945068359375,1,10500,9950,2.142857142857143,56.73624666080433
bch,10,2,150,70,11,0.0868067741394043,0.0,0.0009996891021728516,1,10500,9950,2.142857142857143,56.73624666080433
bch,10,2,150,70,13,0.08535242080688477,0.0,0.0014574527740478516,1,10500,9950,2.142857142857143,63.78669187295578
bch,10,2,150,70,8,0.1396465301513672,0.0,0.00099945068359375,1,10500,9950,2.142857142857143,45.05871260471728
bch,10,2,150,70,13,0.0776681900024414,0.0010001659393310547,0.0,1,10500,9950,2.142857142857143,63.78669187295578
bch,10,2,150,70,10,0.06873869895935059,0.0010063648223876953,0.0,1,10500,9950,2.142857142857143,53.0039002532132
bch,10,2,150,70,10,0.06608057022094727,0.0009996891021728516,0.0,1,10500,9950,2.142857142857143,53.0039002532132
bch,10,2,150,70,8,0.0692300796508789,0.0010006427764892578,0.0010001659393310547,1,10500,9950,2.142857142857143,45.05871260471728
bch,10,2,150,70,12,0.07805705070495605,0.0,0.0013041496276855469,1,10500,9950,2.142857142857143,60.32687853034091
bch,10,2,150,70,5,0.09893631935119629,0.0010008811950683594,0.0,1,10500,9950,2.142857142857143,31.626345047779818
bch,10,2,150,70,9,0.08797240257263184,0.001001119613647461,0.0,1,10500,9950,2.142857142857143,49.11673787317144
bch,10,2,150,70,12,0.07766556739807129,0.00099945068359375,0.0,1,10500,9950,2.142857142857143,60.32687853034091
bch,10,2,150,70,9,0.06971192359924316,0.0,0.0009131431579589844,1,10500,9950,2.142857142857143,49.11673787317144
bch,10,2,150,70,12,0.06773114204406738,0.001003265380859375,0.0,1,10500,9950,2.142857142857143,60.32687853034091
bch,10,2,150,70,10,0.08931398391723633,0.0,0.0010001659393310547,1,10500,9950,2.142857142857143,53.0039002532132
bch,10,2,150,70,7,0.0784144401550293,0.0010077953338623047,0.0,1,10500,9950,2.142857142857143,40.80971796066921
bch,10,2,150,70,11,0.07911348342895508,0.0015077590942382812,0.0,1,10500,9950,2.142857142857143,56.73624666080433
bch,10,2,150,70,9,0.06810402870178223,0.0,0.0009980201721191406,1,10500,9950,2.142857142857143,49.11673787317144
bch,10,2,150,70,10,0.0676419734954834,0.0010006427764892578,0.0009975433349609375,1,10500,9950,2.142857142857143,53.0039002532132
bch,10,2,150,70,6,0.06853795051574707,0.0005052089691162109,0.0,1,10500,9950,2.142857142857143,36.343828362362224
bch,10,2,150,70,9,0.08865213394165039,0.0009996891021728516,0.0007281303405761719,1,10500,9950,2.142857142857143,49.11673787317144
bch,10,2,150,70,10,0.11789846420288086,0.0,0.0010004043579101562,1,10500,9950,2.142857142857143,53.0039002532132
bch,10,2,150,70,12,0.11518740653991699,0.0005078315734863281,0.0,1,10500,9950,2.142857142857143,60.32687853034091
bch,10,2,150,70,7,0.08069586753845215,0.0010013580322265625,0.0,1,10500,9950,2.142857142857143,40.80971796066921
bch,10,2,150,70,9,0.0896000862121582,0.0,0.0010004043579101562,1,10500,9950,2.142857142857143,49.11673787317144
bch,10,2,150,70,6,0.1423354148864746,0.001003265380859375,0.001007080078125,1,10500,9950,2.142857142857143,36.343828362362224
bch,10,2,150,70,9,0.14797496795654297,0.0,0.0010020732879638672,1,10500,9950,2.142857142857143,49.11673787317144
bch,10,2,150,70,12,0.14581656455993652,0.0009999275207519531,0.0,1,10500,9950,2.142857142857143,60.32687853034091
bch,10,2,150,70,11,0.08231544494628906,0.0009949207305908203,0.0010023117065429688,1,10500,9950,2.142857142857143,56.73624666080433
bch,10,2,150,70,9,0.1106863021850586,0.0,0.0009999275207519531,1,10500,9950,2.142857142857143,49.11673787317144
bch,10,2,150,70,6,0.08847713470458984,0.00099945068359375,0.0,1,10500,9950,2.142857142857143,36.343828362362224
bch,10,2,150,70,7,0.1454615592956543,0.0,0.0010082721710205078,1,10500,9950,2.142857142857143,40.80971796066921
bch,10,2,150,70,9,0.06847643852233887,0.0010008811950683594,0.0,1,10500,9950,2.142857142857143,49.11673787317144
bch,10,2,150,70,7,0.0785210132598877,0.001004934310913086,0.0,1,10500,9950,2.142857142857143,40.80971796066921
bch,10,2,150,70,10,0.09857773780822754,0.001001119613647461,0.00099945068359375,1,10500,9950,2.142857142857143,53.0039002532132
bch,10,2,150,70,11,0.0697641372680664,0.0010006427764892578,0.0,1,10500,9950,2.142857142857143,56.73624666080433
bch,10,2,150,70,9,0.07638192176818848,0.0,0.0009996891021728516,1,10500,9950,2.142857142857143,49.11673787317144
bch,10,2,150,70,11,0.07887935638427734,0.0010085105895996094,0.0,1,10500,9950,2.142857142857143,56.73624666080433
bch,10,2,150,70,12,0.11797285079956055,0.0,0.0009999275207519531,1,10500,9950,2.142857142857143,60.32687853034091
bch,10,2,150,70,14,0.08099174499511719,0.0009999275207519531,0.0,1,10500,9950,2.142857142857143,67.12488825552953
bch,10,2,150,70,13,0.08681011199951172,0.001001596450805664,0.0,1,10500,9950,2.142857142857143,63.78669187295578
bch,10,2,150,70,11,0.0669393539428711,0.0010063648223876953,0.0,1,10500,9950,2.142857142857143,56.73624666080433
bch,10,2,150,70,8,0.09982895851135254,0.0010001659393310547,0.0,1,10500,9950,2.142857142857143,45.05871260471728
bch,10,2,150,70,6,0.13071179389953613,0.0,0.0009989738464355469,1,10500,9950,2.142857142857143,36.343828362362224
bch,10,2,150,70,14,0.08711647987365723,0.0016529560089111328,0.0,1,10500,9950,2.142857142857143,67.12488825552953
bch,10,2,150,70,9,0.11130738258361816,0.0009999275207519531,0.0,1,10500,9950,2.142857142857143,49.11673787317144
bch,10,2,150,70,8,0.08588910102844238,0.00099945068359375,0.0,1,10500,9950,2.142857142857143,45.05871260471728
bch,10,2,150,70,7,0.10128355026245117,0.0,0.0010008811950683594,1,10500,9950,2.142857142857143,40.80971796066921
bch,10,2,150,70,14,0.09728765487670898,0.0009996891021728516,0.0,1,10500,9950,2.142857142857143,67.12488825552953
bch,10,2,150,70,6,0.06745433807373047,0.0009982585906982422,0.0009989738464355469,1,10500,9950,2.142857142857143,36.343828362362224
bch,10,2,150,70,9,0.09073853492736816,0.0,0.0009996891021728516,1,10500,9950,2.142857142857143,49.11673787317144
bch,10,2,150,70,10,0.07044434547424316,0.0009989738464355469,0.0,1,10500,9950,2.142857142857143,53.0039002532132
bch,10,2,150,70,5,0.09786796569824219,0.0009999275207519531,0.0,1,10500,9950,2.142857142857143,31.626345047779818
bch,10,2,150,70,9,0.10677266120910645,0.0009987354278564453,0.0,1,10500,9950,2.142857142857143,49.11673787317144
bch,10,2,150,70,9,0.07384991645812988,0.0010042190551757812,0.0009999275207519531,1,10500,9950,2.142857142857143,49.11673787317144
bch,10,2,150,70,7,0.09668660163879395,0.0010104179382324219,0.0,1,10500,9950,2.142857142857143,40.80971796066921
bch,10,2,150,70,9,0.12601399421691895,0.0010097026824951172,0.0,1,10500,9950,2.142857142857143,49.11673787317144
bch,10,2,150,70,11,0.10025954246520996,0.0,0.0010001659393310547,1,10500,9950,2.142857142857143,56.73624666080433
bch,10,2,150,70,11,0.06625890731811523,0.0010020732879638672,0.0009984970092773438,1,10500,9950,2.142857142857143,56.73624666080433
bch,10,2,150,70,5,0.1666731834411621,0.0010001659393310547,0.0,1,10500,9950,2.142857142857143,31.626345047779818
bch,10,2,150,70,12,0.1137688159942627,0.0006449222564697266,0.0009996891021728516,1,10500,9950,2.142857142857143,60.32687853034091
bch,10,2,150,70,5,0.07959699630737305,0.0010385513305664062,0.0,1,10500,9950,2.142857142857143,31.626345047779818
bch,10,2,150,70,10,0.06926751136779785,0.0,0.0010006427764892578,1,10500,9950,2.142857142857143,53.0039002532132
bch,10,2,150,70,13,0.08586645126342773,0.0010008811950683594,0.0,1,10500,9950,2.142857142857143,63.78669187295578
bch,10,2,150,70,5,0.0711066722869873,0.0,0.0010004043579101562,1,10500,9950,2.142857142857143,31.626345047779818
bch,10,2,150,70,11,0.1683516502380371,0.0010097026824951172,0.00099945068359375,1,10500,9950,2.142857142857143,56.73624666080433
bch,10,2,150,70,8,0.10753464698791504,0.0010001659393310547,0.0,1,10500,9950,2.142857142857143,45.05871260471728
bch,10,2,150,70,12,0.07095766067504883,0.001001119613647461,0.0,1,10500,9950,2.142857142857143,60.32687853034091
bch,10,2,150,70,10,0.07514166831970215,0.0,0.0009970664978027344,1,10500,9950,2.142857142857143,53.0039002532132
bch,10,2,150,70,11,0.06746268272399902,0.0009999275207519531,0.0,1,10500,9950,2.142857142857143,56.73624666080433
bch,10,2,150,70,11,0.06610965728759766,0.001753091812133789,0.0,1,10500,9950,2.142857142857143,56.73624666080433
bch,10,2,150,70,7,0.10741567611694336,0.0,0.0010020732879638672,1,10500,9950,2.142857142857143,40.80971796066921
bch,10,2,150,70,11,0.08923864364624023,0.001001119613647461,0.0009984970092773438,1,10500,9950,2.142857142857143,56.73624666080433
bch,10,2,150,70,8,0.08775472640991211,0.0010044574737548828,0.0,1,10500,9950,2.142857142857143,45.05871260471728
bch,10,2,150,70,7,0.08047127723693848,0.0009915828704833984,0.0,1,10500,9950,2.142857142857143,40.80971796066921
bch,10,2,150,70,9,0.06663942337036133,0.001001596450805664,0.0,1,10500,9950,2.142857142857143,49.11673787317144
bch,10,2,150,70,15,0.09095883369445801,0.0009999275207519531,0.0009992122650146484,1,10500,9950,2.142857142857143,70.34933903839219
bch,10,2,150,70,8,0.15832829475402832,0.0009989738464355469,0.0,1,10500,9950,2.142857142857143,45.05871260471728
bch,10,2,150,70,10,0.10684490203857422,0.0015039443969726562,0.0,1,10500,9950,2.142857142857143,53.0039002532132
bch,10,2,150,70,8,0.11974501609802246,0.0009996891021728516,0.0,1,10500,9950,2.142857142857143,45.05871260471728
bch,10,2,150,70,10,0.07753181457519531,0.0,0.0009975433349609375,1,10500,9950,2.142857142857143,53.0039002532132
bch,10,2,150,70,13,0.09742975234985352,0.0010001659393310547,0.0,1,10500,9950,2.142857142857143,63.78669187295578
bch,10,2,150,70,9,0.08975839614868164,0.0010006427764892578,0.0,1,10500,9950,2.142857142857143,49.11673787317144
bch,10,2,150,70,12,0.07021832466125488,0.0010004043579101562,0.0,1,10500,9950,2.142857142857143,60.32687853034091
bch,10,2,150,70,8,0.06996679306030273,0.0010008811950683594,0.0,1,10500,9950,2.142857142857143,45.05871260471728
bch,10,2,150,70,9,0.07783222198486328,0.0,0.0009996891021728516,1,10500,9950,2.142857142857143,49.11673787317144
bch,10,2,150,70,4,0.0851602554321289,0.0,0.0010123252868652344,1,10500,9950,2.142857142857143,26.608417977899602
bch,10,2,150,70,10,0.07309794425964355,0.0,0.0010101795196533203,1,10500,9950,2.142857142857143,53.0039002532132
bch,15,2,225,105,16,0.29561924934387207,0.0015070438385009766,0.0,1,23625,22275,2.142857142857143,83.26270941892885
bch,15,2,225,105,15,0.2519083023071289,0.0010001659393310547,0.0010001659393310547,1,23625,22275,2.142857142857143,79.5058503798198
bch,15,2,225,105,15,0.3071773052215576,0.000995635986328125,0.0009989738464355469,1,23625,22275,2.142857142857143,79.5058503798198
bch,15,2,225,105,12,0.24787473678588867,0.0015075206756591797,0.0010085105895996094,1,23625,22275,2.142857142857143,67.58806890707592
bch,15,2,225,105,17,0.21151065826416016,0.0010008811950683594,0.0009999275207519531,1,23625,22275,2.142857142857143,86.92243834923042
bch,15,2,225,105,23,0.2118690013885498,0.0019996166229248047,0.0010006427764892578,1,23625,22275,2.142857142857143,107.1001235186595
bch,15,2,225,105,16,0.24207663536071777,0.0009958744049072266,0.0019288063049316406,1,23625,22275,2.142857142857143,83.26270941892885
bch,15,2,225,105,14,0.3608567714691162,0.002000093460083008,0.0010051727294921875,1,23625,22275,2.142857142857143,75.6458702978108
bch,15,2,225,105,18,0.24399065971374512,0.0010001659393310547,0.0010001659393310547,1,23625,22275,2.142857142857143,90.49031779551137
bch,15,2,225,105,8,0.21692681312561035,0.0009999275207519531,0.0009999275207519531,1,23625,22275,2.142857142857143,49.844150583381335
bch,15,2,225,105,10,0.27803850173950195,0.0009992122650146484,0.0010006427764892578,1,23625,22275,2.142857142857143,59.02002441322574
bch,15,2,225,105,16,0.39981555938720703,0.0023193359375,0.0018448829650878906,1,23625,22275,2.142857142857143,83.26270941892885
bch,15,2,225,105,14,0.2803676128387451,0.0009653568267822266,0.0010027885437011719,1,23625,22275,2.142857142857143,75.6458702978108
bch,15,2,225,105,22,0.21880269050598145,0.0015249252319335938,0.0009961128234863281,1,23625,22275,2.142857142857143,103.93008122522201
bch,15,2,225,105,13,0.2720072269439697,0.0010004043579101562,0.0015072822570800781,1,23625,22275,2.142857142857143,71.67591532060092
bch,15,2,225,105,17,0.22586941719055176,0.001005411148071289,0.0015082359313964844,1,23625,22275,2.142857142857143,86.92243834923042
bch,15,2,225,105,12,0.2806410789489746,0.0020601749420166016,0.001972198486328125,1,23625,22275,2.142857142857143,67.58806890707592
bch,15,2,225,105,12,0.24515676498413086,0.0016512870788574219,0.0010101795196533203,1,23625,22275,2.142857142857143,67.58806890707592
bch,15,2,225,105,15,0.25457048416137695,0.0009982585906982422,0.0014133453369140625,1,23625,22275,2.142857142857143,79.5058503798198
bch,15,2,225,105,15,0.21890640258789062,0.0009999275207519531,0.0010008811950683594,1,23625,22275,2.142857142857143,79.5058503798198
bch,15,2,225,105,15,0.21094632148742676,0.0015158653259277344,0.0,1,23625,22275,2.142857142857143,79.5058503798198
bch,15,2,225,105,19,0.30562829971313477,0.0009996891021728516,0.001001596450805664,1,23625,22275,2.142857142857143,93.97103666866222
bch,15,2,225,105,10,0.25189995765686035,0.0010008811950683594,0.0009996891021728516,1,23625,22275,2.142857142857143,59.02002441322574
bch,15,2,225,105,13,0.23998188972473145,0.0009942054748535156,0.0010025501251220703,1,23625,22275,2.142857142857143,71.67591532060092
bch,15,2,225,105,16,0.2397444248199463,0.00099945068359375,0.0010001659393310547,1,23625,22275,2.142857142857143,83.26270941892885
bch,15,2,225,105,17,0.35149598121643066,0.0009992122650146484,0.0010056495666503906,1,23625,22275,2.142857142857143,86.92243834923042
bch,15,2,225,105,17,0.22219300270080566,0.0009992122650146484,0.0010035037994384766,1,23625,22275,2.142857142857143,86.92243834923042
bch,15,2,225,105,13,0.24853515625,0.0010001659393310547,0.0010001659393310547,1,23625,22275,2.142857142857143,71.67591532060092
bch,15,2,225,105,20,0.21506571769714355,0.001974821090698242,0.0020017623901367188,1,23625,22275,2.142857142857143,97.36878572746966
bch,15,2,225,105,16,0.24294376373291016,0.0019986629486083984,0.0010001659393310547,1,23625,22275,2.142857142857143,83.26270941892885
bch,15,2,225,105,19,0.20731806755065918,0.0010006427764892578,0.001039266586303711,1,23625,22275,2.142857142857143,93.97103666866222
bch,15,2,225,105,18,0.3047194480895996,0.0009996891021728516,0.0009996891021728516,1,23625,22275,2.142857142857143,90.49031779551137
bch,15,2,225,105,18,0.30420732498168945,0.001008749008178711,0.0010001659393310547,1,23625,22275,2.142857142857143,90.49031779551137
bch,15,2,225,105,16,0.3306565284729004,0.002000093460083008,0.0010006427764892578,1,23625,22275,2.142857142857143,83.26270941892885
bch,15,2,225,105,12,0.24085426330566406,0.0011963844299316406,0.0010089874267578125,1,23625,22275,2.142857142857143,67.58806890707592
bch,15,2,225,105,14,0.3624424934387207,0.001504659652709961,0.0010099411010742188,1,23625,22275,2.142857142857143,75.6458702978108
bch,15,2,225,105,15,0.3026418685913086,0.0009996891021728516,0.0010001659393310547,1,23625,22275,2.142857142857143,79.5058503798198
bch,15,2,225,105,10,0.3056349754333496,0.001999378204345703,0.0010013580322265625,1,23625,22275,2.142857142857143,59.02002441322574
bch,15,2,225,105,16,0.5062336921691895,0.002007007598876953,0.0010027885437011719,1,23625,22275,2.142857142857143,83.26270941892885
bch,15,2,225,105,16,0.3041377067565918,0.0010001659393310547,0.0009996891021728516,1,23625,22275,2.142857142857143,83.26270941892885
bch,15,2,225,105,15,0.22697949409484863,0.0014052391052246094,0.0014331340789794922,1,23625,22275,2.142857142857143,79.5058503798198
bch,15,2,225,105,20,0.24518060684204102,0.002001523971557617,0.0010001659393310547,1,23625,22275,2.142857142857143,97.36878572746966
bch,15,2,225,105,19,0.2605891227722168,0.0009982585906982422,0.0010023117065429688,1,23625,22275,2.142857142857143,93.97103666866222
bch,15,2,225,105,14,0.5118792057037354,0.002003192901611328,0.0010154247283935547,1,23625,22275,2.142857142857143,75.6458702978108
bch,15,2,225,105,13,0.39382147789001465,0.0014758110046386719,0.0011031627655029297,1,23625,22275,2.142857142857143,71.67591532060092
bch,15,2,225,105,15,0.242600679397583,0.001993894577026367,0.0014204978942871094,1,23625,22275,2.142857142857143,79.5058503798198
bch,15,2,225,105,7,0.2368009090423584,0.0018851757049560547,0.0,1,23625,22275,2.142857142857143,44.98510076806016
bch,15,2,225,105,9,0.3774569034576416,0.002511262893676758,0.0010006427764892578,1,23625,22275,2.142857142857143,54.51574254354333
bch,15,2,225,105,16,0.3040788173675537,0.002000570297241211,0.0009992122650146484,1,23625,22275,2.142857142857143,83.26270941892885
bch,15,2,225,105,9,0.22949600219726562,0.00099945068359375,0.0010001659393310547,1,23625,22275,2.142857142857143,54.51574254354333
bch,15,2,225,105,14,0.2849268913269043,0.0009987354278564453,0.001001119613647461,1,23625,22275,2.142857142857143,75.6458702978108
bch,15,2,225,105,14,0.3931558132171631,0.0010008811950683594,0.0009984970092773438,1,23625,22275,2.142857142857143,75.6458702978108
bch,15,2,225,105,16,0.41872215270996094,0.0019996166229248047,0.0009999275207519531,1,23625,22275,2.142857142857143,83.26270941892885
bch,15,2,225,105,15,0.5934848785400391,0.0014493465423583984,0.0013763904571533203,1,23625,22275,2.142857142857143,79.5058503798198
bch,15,2,225,105,13,0.25295090675354004,0.001999378204345703,0.0,1,23625,22275,2.142857142857143,71.67591532060092
bch,15,2,225,105,14,0.22973275184631348,0.0009970664978027344,0.0019981861114501953,1,23625,22275,2.142857142857143,75.6458702978108
bch,15,2,225,105,17,0.3155686855316162,0.0020105838775634766,0.00099945068359375,1,23625,22275,2.142857142857143,86.92243834923042
bch,15,2,225,105,15,0.34435248374938965,0.0015060901641845703,0.0014472007751464844,1,23625,22275,2.142857142857143,79.5058503798198
bch,15,2,225,105,18,0.3088996410369873,0.0009982585906982422,0.0010013580322265625,1,23625,22275,2.142857142857143,90.49031779551137
bch,15,2,225,105,15,0.21787452697753906,0.0010008811950683594,0.0014083385467529297,1,23625,22275,2.142857142857143,79.5058503798198
bch,15,2,225,105,17,0.5357239246368408,0.001998424530029297,0.0009894371032714844,1,23625,22275,2.142857142857143,86.92243834923042
bch,15,2,225,105,12,0.24543309211730957,0.0019998550415039062,0.001995086669921875,1,23625,22275,2.142857142857143,67.58806890707592
bch,15,2,225,105,13,0.251814603805542,0.002000093460083008,0.0,1,23625,22275,2.142857142857143,71.67591532060092
bch,15,2,225,105,16,0.2929267883300781,0.0010004043579101562,0.0009996891021728516,1,23625,22275,2.142857142857143,83.26270941892885
bch,15,2,225,105,15,0.25600266456604004,0.00244140625,0.0009996891021728516,1,23625,22275,2.142857142857143,79.5058503798198
bch,15,2,225,105,22,0.21212244033813477,0.0019989013671875,0.0010006427764892578,1,23625,22275,2.142857142857143,103.93008122522201
bch,15,2,225,105,10,0.39894723892211914,0.0019314289093017578,0.0010027885437011719,1,23625,22275,2.142857142857143,59.02002441322574
bch,15,2,225,105,18,0.31938672065734863,0.0019996166229248047,0.0010683536529541016,1,23625,22275,2.142857142857143,90.49031779551137
bch,15,2,225,105,15,0.2792847156524658,0.0009970664978027344,0.00099945068359375,1,23625,22275,2.142857142857143,79.5058503798198
bch,15,2,225,105,18,0.3411238193511963,0.0009999275207519531,0.0009999275207519531,1,23625,22275,2.142857142857143,90.49031779551137
bch,15,2,225,105,15,0.4205129146575928,0.0009982585906982422,0.0009996891021728516,1,23625,22275,2.142857142857143,79.5058503798198
bch,15,2,225,105,15,0.2130115032196045,0.0009984970092773438,0.0010004043579101562,1,23625,22275,2.142857142857143,79.5058503798198
bch,15,2,225,105,17,0.31142544746398926,0.0019998550415039062,0.0,1,23625,22275,2.142857142857143,86.92243834923042
bch,15,2,225,105,12,0.2105119228363037,0.002007722854614258,0.0010046958923339844,1,23625,22275,2.142857142857143,67.58806890707592
bch,15,2,225,105,11,0.25055575370788574,0.0009999275207519531,0.0010006427764892578,1,23625,22275,2.142857142857143,63.37308512897762
bch,15,2,225,105,11,0.20975184440612793,0.0010094642639160156,0.0010001659393310547,1,23625,22275,2.142857142857143,63.37308512897762
bch,15,2,225,105,12,0.27176475524902344,0.0020034313201904297,0.0009984970092773438,1,23625,22275,2.142857142857143,67.58806890707592
bch,15,2,225,105,9,0.24607586860656738,0.001001119613647461,0.001001596450805664,1,23625,22275,2.142857142857143,54.51574254354333
bch,15,2,225,105,16,0.24620890617370605,0.004316806793212891,0.0010111331939697266,1,23625,22275,2.142857142857143,83.26270941892885
bch,15,2,225,105,18,0.21702075004577637,0.0010001659393310547,0.0015065670013427734,1,23625,22275,2.142857142857143,90.49031779551137
bch,15,2,225,105,16,0.34045958518981934,0.0015096664428710938,0.0010051727294921875,1,23625,22275,2.142857142857143,83.26270941892885
bch,15,2,225,105,13,0.21436214447021484,0.0015091896057128906,0.001010894775390625,1,23625,22275,2.142857142857143,71.67591532060092
bch,15,2,225,105,15,0.3531181812286377,0.001999378204345703,0.0,1,23625,22275,2.142857142857143,79.5058503798198
bch,15,2,225,105,13,0.2113330364227295,0.0016078948974609375,0.0010094642639160156,1,23625,22275,2.142857142857143,71.67591532060092
bch,15,2,225,105,14,0.30565500259399414,0.0010001659393310547,0.00099945068359375,1,23625,22275,2.142857142857143,75.6458702978108
bch,15,2,225,105,10,0.22114205360412598,0.0020096302032470703,0.0,1,23625,22275,2.142857142857143,59.02002441322574
bch,15,2,225,105,16,0.31383609771728516,0.0019989013671875,0.0,1,23625,22275,2.142857142857143,83.26270941892885
bch,15,2,225,105,15,0.24645256996154785,0.0019986629486083984,0.0010013580322265625,1,23625,22275,2.142857142857143,79.5058503798198
bch,15,2,225,105,12,0.43712735176086426,0.0009999275207519531,0.0012784004211425781,1,23625,22275,2.142857142857143,67.58806890707592
bch,15,2,225,105,16,0.21828508377075195,0.002267599105834961,0.0005056858062744141,1,23625,22275,2.142857142857143,83.26270941892885
bch,15,2,225,105,15,0.33145713806152344,0.0019991397857666016,0.0,1,23625,22275,2.142857142857143,79.5058503798198
bch,15,2,225,105,14,0.21425342559814453,0.0009989738464355469,0.0010089874267578125,1,23625,22275,2.142857142857143,75.6458702978108
bch,15,2,225,105,20,0.21725225448608398,0.0019986629486083984,0.0010023117065429688,1,23625,22275,2.142857142857143,97.36878572746966
bch,15,2,225,105,16,0.2780468463897705,0.0020041465759277344,0.0012483596801757812,1,23625,22275,2.142857142857143,83.26270941892885
bch,15,2,225,105,13,0.28025269508361816,0.0019996166229248047,0.0013356208801269531,1,23625,22275,2.142857142857143,71.67591532060092
bch,15,2,225,105,10,0.21965718269348145,0.0005078315734863281,0.0010077953338623047,1,23625,22275,2.142857142857143,59.02002441322574
bch,15,2,225,105,14,0.21155095100402832,0.0009961128234863281,0.00131988525390625,1,23625,22275,2.142857142857143,75.6458702978108
bch,15,2,225,105,15,0.45226526260375977,0.0015180110931396484,0.0010066032409667969,1,23625,22275,2.142857142857143,79.5058503798198
bch,15,2,225,105,18,0.21668267250061035,0.0020139217376708984,0.0009953975677490234,1,23625,22275,2.142857142857143,90.49031779551137
bch,15,2,225,105,9,0.2757847309112549,0.0020096302032470703,0.0,1,23625,22275,2.142857142857143,54.51574254354333
bch,15,2,225,105,11,0.24646401405334473,0.0005085468292236328,0.0010099411010742188,1,23625,22275,2.142857142857143,63.37308512897762
bch,15,2,225,105,14,0.2461998462677002,0.0015146732330322266,0.0010006427764892578,1,23625,22275,2.142857142857143,75.6458702978108
bch,15,2,225,105,14,0.24970269203186035,0.0010004043579101562,0.00099945068359375,1,23625,22275,2.142857142857143,75.6458702978108
bch,15,2,225,105,13,0.24280405044555664,0.0015065670013427734,0.001009225845336914,1,23625,22275,2.142857142857143,71.67591532060092
bch,15,2,225,105,17,0.2799644470214844,0.0015187263488769531,0.0010101795196533203,1,23625,22275,2.142857142857143,86.92243834923042
bch,15,2,225,105,12,0.25107669830322266,0.0015079975128173828,0.0010101795196533203,1,23625,22275,2.142857142857143,67.58806890707592
bch,15,2,225,105,11,0.2162923812866211,0.002008676528930664,0.0010004043579101562,1,23625,22275,2.142857142857143,63.37308512897762
bch,15,2,225,105,18,0.4092874526977539,0.002000570297241211,0.0010302066802978516,1,23625,22275,2.142857142857143,90.49031779551137
bch,15,2,225,105,23,0.2605440616607666,0.0015034675598144531,0.001004934310913086,1,23625,22275,2.142857142857143,107.1001235186595
bch,15,2,225,105,17,0.2171940803527832,0.0010004043579101562,0.00099945068359375,1,23625,22275,2.142857142857143,86.92243834923042
bch,15,2,225,105,15,0.20995163917541504,0.0019998550415039062,0.0,1,23625,22275,2.142857142857143,79.5058503798198
bch,15,2,225,105,11,0.224959135055542,0.0010001659393310547,0.0010004043579101562,1,23625,22275,2.142857142857143,63.37308512897762
bch,15,2,225,105,14,0.36574387550354004,0.001012563705444336,0.0009975433349609375,1,23625,22275,2.142857142857143,75.6458702978108
bch,15,2,225,105,17,0.31537413597106934,0.002000093460083008,0.0010001659393310547,1,23625,22275,2.142857142857143,86.92243834923042
bch,15,2,225,105,16,0.2162322998046875,0.0010001659393310547,0.0009999275207519531,1,23625,22275,2.142857142857143,83.26270941892885
bch,15,2,225,105,23,0.32943177223205566,0.002001047134399414,0.0009996891021728516,1,23625,22275,2.142857142857143,107.1001235186595
bch,15,2,225,105,15,0.24028778076171875,0.0009999275207519531,0.0010001659393310547,1,23625,22275,2.142857142857143,79.5058503798198
bch,15,2,225,105,12,0.28339314460754395,0.0019998550415039062,0.0010063648223876953,1,23625,22275,2.142857142857143,67.58806890707592
bch,15,2,225,105,14,0.4191703796386719,0.002001523971557617,0.0012497901916503906,1,23625,22275,2.142857142857143,75.6458702978108
bch,15,2,225,105,13,0.6225471496582031,0.0019996166229248047,0.0019958019256591797,1,23625,22275,2.142857142857143,71.67591532060092
bch,15,2,225,105,12,0.5808112621307373,0.0010006427764892578,0.0019986629486083984,1,23625,22275,2.142857142857143,67.58806890707592
bch,15,2,225,105,17,0.42456603050231934,0.001999378204345703,0.0,1,23625,22275,2.142857142857143,86.92243834923042
bch,15,2,225,105,15,0.3809957504272461,0.0009996891021728516,0.0009996891021728516,1,23625,22275,2.142857142857143,79.5058503798198
bch,15,2,225,105,15,0.21776723861694336,0.0009996891021728516,0.0009999275207519531,1,23625,22275,2.142857142857143,79.5058503798198
bch,15,2,225,105,16,0.34581422805786133,0.0009999275207519531,0.0009999275207519531,1,23625,22275,2.142857142857143,83.26270941892885
bch,15,2,225,105,13,0.21221017837524414,0.0019969940185546875,0.0010004043579101562,1,23625,22275,2.142857142857143,71.67591532060092
bch,15,2,225,105,19,0.25110530853271484,0.0019996166229248047,0.0010001659393310547,1,23625,22275,2.142857142857143,93.97103666866222
bch,15,2,225,105,12,0.22092080116271973,0.0010001659393310547,0.0010001659393310547,1,23625,22275,2.142857142857143,67.58806890707592
bch,15,2,225,105,15,0.25245189666748047,0.0019998550415039062,0.0010001659393310547,1,23625,22275,2.142857142857143,79.5058503798198
bch,15,2,225,105,15,0.3116798400878906,0.0023369789123535156,0.0005075931549072266,1,23625,22275,2.142857142857143,79.5058503798198
bch,15,2,225,105,18,0.2707524299621582,0.0019998550415039062,0.0,1,23625,22275,2.142857142857143,90.49031779551137
bch,15,2,225,105,15,0.6329760551452637,0.0025217533111572266,0.0009999275207519531,1,23625,22275,2.142857142857143,79.5058503798198
bch,15,2,225,105,16,0.25115108489990234,0.0009918212890625,0.0010001659393310547,1,23625,22275,2.142857142857143,83.26270941892885
bch,15,2,225,105,11,0.20880627632141113,0.0010001659393310547,0.0009999275207519531,1,23625,22275,2.142857142857143,63.37308512897762
bch,15,2,225,105,8,0.3657681941986084,0.0010001659393310547,0.0013282299041748047,1,23625,22275,2.142857142857143,49.844150583381335
bch,15,2,225,105,15,0.369647741317749,0.0019981861114501953,0.0010004043579101562,1,23625,22275,2.142857142857143,79.5058503798198
bch,15,2,225,105,11,0.5205042362213135,0.0026078224182128906,0.0010004043579101562,1,23625,22275,2.142857142857143,63.37308512897762
bch,15,2,225,105,13,0.4032118320465088,0.0010008811950683594,0.00099945068359375,1,23625,22275,2.142857142857143,71.67591532060092
bch,15,2,225,105,16,0.2284379005432129,0.0013513565063476562,0.0,1,23625,22275,2.142857142857143,83.26270941892885
bch,15,2,225,105,15,0.20868921279907227,0.002001047134399414,0.0,1,23625,22275,2.142857142857143,79.5058503798198
bch,15,2,225,105,19,0.2415015697479248,0.0009996891021728516,0.0009996891021728516,1,23625,22275,2.142857142857143,93.97103666866222
bch,15,2,225,105,21,0.43573594093322754,0.0009999275207519531,0.0009999275207519531,1,23625,22275,2.142857142857143,100.68733238329429
bch,15,2,225,105,15,0.4036898612976074,0.0009992122650146484,0.0,1,23625,22275,2.142857142857143,79.5058503798198
bch,15,2,225,105,23,0.30826759338378906,0.0019989013671875,0.001001596450805664,1,23625,22275,2.142857142857143,107.1001235186595
bch,15,2,225,105,15,0.5591881275177002,0.00099945068359375,0.0010063648223876953,1,23625,22275,2.142857142857143,79.5058503798198
bch,15,2,225,105,15,0.25048255920410156,0.0014569759368896484,0.0014030933380126953,1,23625,22275,2.142857142857143,79.5058503798198
bch,15,2,225,105,14,0.24304962158203125,0.00099945068359375,0.0010001659393310547,1,23625,22275,2.142857142857143,75.6458702978108
bch,15,2,225,105,14,0.24867820739746094,0.0019991397857666016,0.0010001659393310547,1,23625,22275,2.142857142857143,75.6458702978108
bch,15,2,225,105,19,0.27428531646728516,0.0019989013671875,0.0,1,23625,22275,2.142857142857143,93.97103666866222
bch,15,2,225,105,15,0.27343177795410156,0.002009153366088867,0.0005071163177490234,1,23625,22275,2.142857142857143,79.5058503798198
bch,15,2,225,105,9,0.30345821380615234,0.0034995079040527344,0.0013775825500488281,1,23625,22275,2.142857142857143,54.51574254354333
bch,15,2,225,105,19,0.22703218460083008,0.0014567375183105469,0.0010097026824951172,1,23625,22275,2.142857142857143,93.97103666866222
bch,15,2,225,105,18,0.2925407886505127,0.0029516220092773438,0.0011332035064697266,1,23625,22275,2.142857142857143,90.49031779551137
bch,15,2,225,105,16,0.2675025463104248,0.0010120868682861328,0.0010118484497070312,1,23625,22275,2.142857142857143,83.26270941892885
bch,15,2,225,105,14,0.40575075149536133,0.0005085468292236328,0.0010104179382324219,1,23625,22275,2.142857142857143,75.6458702978108
bch,15,2,225,105,15,0.28239989280700684,0.0024645328521728516,0.0013320446014404297,1,23625,22275,2.142857142857143,79.5058503798198
bch,15,2,225,105,15,0.2506370544433594,0.0019996166229248047,0.0010006427764892578,1,23625,22275,2.142857142857143,79.5058503798198
bch,15,2,225,105,12,0.24438190460205078,0.0010004043579101562,0.0010001659393310547,1,23625,22275,2.142857142857143,67.58806890707592
bch,15,2,225,105,16,0.32186031341552734,0.002000570297241211,0.0010018348693847656,1,23625,22275,2.142857142857143,83.26270941892885
bch,15,2,225,105,19,0.36504459381103516,0.0010008811950683594,0.0009992122650146484,1,23625,22275,2.142857142857143,93.97103666866222
bch,15,2,225,105,17,0.5033085346221924,0.0019986629486083984,0.0,1,23625,22275,2.142857142857143,86.92243834923042
bch,15,2,225,105,9,0.3290560245513916,0.002000093460083008,0.0009982585906982422,1,23625,22275,2.142857142857143,54.51574254354333
bch,15,2,225,105,18,0.21563100814819336,0.0019986629486083984,0.0,1,23625,22275,2.142857142857143,90.49031779551137
bch,15,2,225,105,13,0.24438786506652832,0.0010025501251220703,0.0010006427764892578,1,23625,22275,2.142857142857143,71.67591532060092
bch,15,2,225,105,11,0.24254512786865234,0.0019996166229248047,0.0009999275207519531,1,23625,22275,2.142857142857143,63.37308512897762
bch,15,2,225,105,16,0.2584848403930664,0.0020008087158203125,0.0005137920379638672,1,23625,22275,2.142857142857143,83.26270941892885
bch,15,2,225,105,14,0.31314706802368164,0.0015168190002441406,0.0,1,23625,22275,2.142857142857143,75.6458702978108
bch,15,2,225,105,12,0.21843242645263672,0.0009992122650146484,0.0010001659393310547,1,23625,22275,2.142857142857143,67.58806890707592
bch,15,2,225,105,16,0.20946550369262695,0.0009980201721191406,0.00099945068359375,1,23625,22275,2.142857142857143,83.26270941892885
bch,15,2,225,105,10,0.33911967277526855,0.0010423660278320312,0.0009975433349609375,1,23625,22275,2.142857142857143,59.02002441322574
bch,15,2,225,105,16,0.34769606590270996,0.0024764537811279297,0.0005099773406982422,1,23625,22275,2.142857142857143,83.26270941892885
bch,15,2,225,105,10,0.21088385581970215,0.0018620491027832031,0.0010068416595458984,1,23625,22275,2.142857142857143,59.02002441322574
bch,15,2,225,105,8,0.4183964729309082,0.00099945068359375,0.0010001659393310547,1,23625,22275,2.142857142857143,49.844150583381335
bch,15,2,225,105,14,0.2530686855316162,0.0019998550415039062,0.0010006427764892578,1,23625,22275,2.142857142857143,75.6458702978108
bch,15,2,225,105,16,0.22558832168579102,0.0017933845520019531,0.0012066364288330078,1,23625,22275,2.142857142857143,83.26270941892885
bch,15,2,225,105,15,0.3978004455566406,0.0010004043579101562,0.0009996891021728516,1,23625,22275,2.142857142857143,79.5058503798198
bch,15,2,225,105,13,0.242356538772583,0.0019998550415039062,0.0010001659393310547,1,23625,22275,2.142857142857143,71.67591532060092
bch,15,2,225,105,19,0.2753019332885742,0.003996372222900391,0.0,1,23625,22275,2.142857142857143,93.97103666866222
bch,15,2,225,105,10,0.3944108486175537,0.0020041465759277344,0.0009987354278564453,1,23625,22275,2.142857142857143,59.02002441322574
bch,15,2,225,105,18,0.21927499771118164,0.001999378204345703,0.0010008811950683594,1,23625,22275,2.142857142857143,90.49031779551137
bch,15,2,225,105,14,0.23998022079467773,0.001995086669921875,0.0010004043579101562,1,23625,22275,2.142857142857143,75.6458702978108
bch,15,2,225,105,12,0.637401819229126,0.0010001659393310547,0.0009999275207519531,1,23625,22275,2.142857142857143,67.58806890707592
bch,15,2,225,105,10,0.3685948848724365,0.0010006427764892578,0.0009999275207519531,1,23625,22275,2.142857142857143,59.02002441322574
bch,15,2,225,105,22,0.21494293212890625,0.0019998550415039062,0.0009999275207519531,1,23625,22275,2.142857142857143,103.93008122522201
bch,15,2,225,105,18,0.29210543632507324,0.0010001659393310547,0.0009999275207519531,1,23625,22275,2.142857142857143,90.49031779551137
bch,15,2,225,105,12,0.2505528926849365,0.0010008811950683594,0.0010018348693847656,1,23625,22275,2.142857142857143,67.58806890707592
bch,15,2,225,105,17,0.26131129264831543,0.001004934310913086,0.0010004043579101562,1,23625,22275,2.142857142857143,86.92243834923042
bch,15,2,225,105,13,0.3768453598022461,0.00099945068359375,0.00099945068359375,1,23625,22275,2.142857142857143,71.67591532060092
bch,15,2,225,105,17,0.3491852283477783,0.0019996166229248047,0.0009982585906982422,1,23625,22275,2.142857142857143,86.92243834923042
bch,15,2,225,105,13,0.27724528312683105,0.0010001659393310547,0.0010004043579101562,1,23625,22275,2.142857142857143,71.67591532060092
bch,15,2,225,105,16,0.25809264183044434,0.00099945068359375,0.0010001659393310547,1,23625,22275,2.142857142857143,83.26270941892885
bch,15,2,225,105,16,0.386843204498291,0.001039743423461914,0.0022592544555664062,1,23625,22275,2.142857142857143,83.26270941892885
bch,15,2,225,105,13,0.43230533599853516,0.0010230541229248047,0.0010128021240234375,1,23625,22275,2.142857142857143,71.67591532060092
bch,15,2,225,105,14,0.3780250549316406,0.001998424530029297,0.0010013580322265625,1,23625,22275,2.142857142857143,75.6458702978108
bch,15,2,225,105,12,0.37429332733154297,0.0019981861114501953,0.0010013580322265625,1,23625,22275,2.142857142857143,67.58806890707592
bch,15,2,225,105,14,0.21395158767700195,0.0010013580322265625,0.0009982585906982422,1,23625,22275,2.142857142857143,75.6458702978108
bch,15,2,225,105,16,0.2527937889099121,0.001199483871459961,0.002418994903564453,1,23625,22275,2.142857142857143,83.26270941892885
bch,15,2,225,105,18,0.5252182483673096,0.0010006427764892578,0.0009980201721191406,1,23625,22275,2.142857142857143,90.49031779551137
bch,15,2,225,105,15,0.3350541591644287,0.0019986629486083984,0.0010013580322265625,1,23625,22275,2.142857142857143,79.5058503798198
bch,15,2,225,105,17,0.21207904815673828,0.0010004043579101562,0.0015025138854980469,1,23625,22275,2.142857142857143,86.92243834923042
bch,20,2,300,140,20,0.7750663757324219,0.0023572444915771484,0.0020084381103515625,1,42000,39500,2.142857142857143,106.0078005064264
bch,20,2,300,140,17,0.7325413227081299,0.003999948501586914,0.0020003318786621094,1,42000,39500,2.142857142857143,94.22045612608578
bch,20,2,300,140,24,0.4932270050048828,0.0030088424682617188,0.0015141963958740234,1,42000,39500,2.142857142857143,120.65375706068183
bch,20,2,300,140,15,0.709000825881958,0.003000020980834961,0.0019989013671875,1,42000,39500,2.142857142857143,85.91908713478688
bch,20,2,300,140,20,0.5490784645080566,0.002000570297241211,0.0010001659393310547,1,42000,39500,2.142857142857143,106.0078005064264
bch,20,2,300,140,16,0.546483039855957,0.0023300647735595703,0.0030031204223632812,1,42000,39500,2.142857142857143,90.11742520943456
bch,20,2,300,140,23,0.5672957897186279,0.0030014514923095703,0.0026826858520507812,1,42000,39500,2.142857142857143,117.0971021638278
bch,20,2,300,140,23,0.5946390628814697,0.0040819644927978516,0.0010075569152832031,1,42000,39500,2.142857142857143,117.0971021638278
bch,20,2,300,140,23,0.6176159381866455,0.002999544143676758,0.00200653076171875,1,42000,39500,2.142857142857143,117.0971021638278
bch,20,2,300,140,23,0.9764425754547119,0.001999378204345703,0.002002716064453125,1,42000,39500,2.142857142857143,117.0971021638278
bch,20,2,300,140,16,0.48462748527526855,0.002996206283569336,0.0010006427764892578,1,42000,39500,2.142857142857143,90.11742520943456
bch,20,2,300,140,21,0.7670655250549316,0.0020105838775634766,0.0019996166229248047,1,42000,39500,2.142857142857143,109.777095270067
bch,20,2,300,140,24,1.203639030456543,0.002012968063354492,0.0023889541625976562,1,42000,39500,2.142857142857143,120.65375706068183
bch,20,2,300,140,21,0.5694634914398193,0.005000114440917969,0.002210378646850586,1,42000,39500,2.142857142857143,109.777095270067
bch,20,2,300,140,20,0.5964245796203613,0.0019724369049072266,0.00202178955078125,1,42000,39500,2.142857142857143,106.0078005064264
bch,20,2,300,140,17,1.2412354946136475,0.003002643585205078,0.0015027523040771484,1,42000,39500,2.142857142857143,94.22045612608578
bch,20,2,300,140,22,0.6658945083618164,0.0033104419708251953,0.0009999275207519531,1,42000,39500,2.142857142857143,113.47249332160867
bch,20,2,300,140,23,0.6714460849761963,0.0030024051666259766,0.0013668537139892578,1,42000,39500,2.142857142857143,117.0971021638278
bch,20,2,300,140,17,0.5089068412780762,0.0019998550415039062,0.002000570297241211,1,42000,39500,2.142857142857143,94.22045612608578
bch,20,2,300,140,16,0.64117431640625,0.0019996166229248047,0.002506732940673828,1,42000,39500,2.142857142857143,90.11742520943456
bch,20,2,300,140,19,0.6439728736877441,0.0019991397857666016,0.002000093460083008,1,42000,39500,2.142857142857143,102.1611884112559
bch,20,2,300,140,21,0.502335786819458,0.0019998550415039062,0.002000093460083008,1,42000,39500,2.142857142857143,109.777095270067
bch,20,2,300,140,19,0.8107526302337646,0.003113269805908203,0.002010345458984375,1,42000,39500,2.142857142857143,102.1611884112559
bch,20,2,300,140,20,0.8234186172485352,0.003000497817993164,0.0010004043579101562,1,42000,39500,2.142857142857143,106.0078005064264
bch,20,2,300,140,17,1.2443509101867676,0.0019998550415039062,0.0022058486938476562,1,42000,39500,2.142857142857143,94.22045612608578
bch,20,2,300,140,29,0.5492405891418457,0.003009319305419922,0.001997232437133789,1,42000,39500,2.142857142857143,137.5017680831655
bch,20,2,300,140,26,0.8769209384918213,0.0025229454040527344,0.0011548995971679688,1,42000,39500,2.142857142857143,127.57338374591156
bch,20,2,300,140,15,0.5291433334350586,0.001997709274291992,0.0020003318786621094,1,42000,39500,2.142857142857143,85.91908713478688
bch,20,2,300,140,19,0.7712957859039307,0.001999378204345703,0.0020003318786621094,1,42000,39500,2.142857142857143,102.1611884112559
bch,20,2,300,140,22,0.5114071369171143,0.004200458526611328,0.0018694400787353516,1,42000,39500,2.142857142857143,113.47249332160867
bch,20,2,300,140,26,0.9072525501251221,0.0030002593994140625,0.0020003318786621094,1,42000,39500,2.142857142857143,127.57338374591156
bch,20,2,300,140,18,0.5088324546813965,0.0029990673065185547,0.001001596450805664,1,42000,39500,2.142857142857143,98.23347574634288
bch,20,2,300,140,19,0.6076154708862305,0.003999233245849609,0.0020074844360351562,1,42000,39500,2.142857142857143,102.1611884112559
bch,20,2,300,140,14,0.5287261009216309,0.0015215873718261719,0.002000570297241211,1,42000,39500,2.142857142857143,81.61943592133842
bch,20,2,300,140,24,1.1604652404785156,0.0019989013671875,0.002000093460083008,1,42000,39500,2.142857142857143,120.65375706068183
bch,20,2,300,140,13,0.5481042861938477,0.00446772575378418,0.001996755599975586,1,42000,39500,2.142857142857143,77.21160285700768
bch,20,2,300,140,24,0.7458393573760986,0.0034503936767578125,0.0034923553466796875,1,42000,39500,2.142857142857143,120.65375706068183
bch,20,2,300,140,22,0.6371684074401855,0.0019981861114501953,0.0019979476928710938,1,42000,39500,2.142857142857143,113.47249332160867
bch,20,2,300,140,19,0.6823520660400391,0.002493143081665039,0.0019903182983398438,1,42000,39500,2.142857142857143,102.1611884112559
bch,20,2,300,140,16,0.680994987487793,0.003912210464477539,0.0029458999633789062,1,42000,39500,2.142857142857143,90.11742520943456
bch,20,2,300,140,22,0.6543641090393066,0.0019998550415039062,0.002016305923461914,1,42000,39500,2.142857142857143,113.47249332160867
bch,20,2,300,140,24,0.8171155452728271,0.0019989013671875,0.0019998550415039062,1,42000,39500,2.142857142857143,120.65375706068183
bch,20,2,300,140,20,1.1008646488189697,0.003002643585205078,0.0019979476928710938,1,42000,39500,2.142857142857143,106.0078005064264
bch,20,2,300,140,18,1.0068168640136719,0.0019958019256591797,0.003512859344482422,1,42000,39500,2.142857142857143,98.23347574634288
bch,20,2,300,140,19,0.5910840034484863,0.004612922668457031,0.0021257400512695312,1,42000,39500,2.142857142857143,102.1611884112559
bch,20,2,300,140,20,0.5974409580230713,0.002518177032470703,0.0019996166229248047,1,42000,39500,2.142857142857143,106.0078005064264
bch,20,2,300,140,16,0.5087640285491943,0.002506256103515625,0.002008199691772461,1,42000,39500,2.142857142857143,90.11742520943456
bch,20,2,300,140,24,0.6437087059020996,0.0019996166229248047,0.002000093460083008,1,42000,39500,2.142857142857143,120.65375706068183
bch,20,2,300,140,18,1.061889410018921,0.0025038719177246094,0.002010822296142578,1,42000,39500,2.142857142857143,98.23347574634288
bch,20,2,300,140,17,0.6163041591644287,0.003000974655151367,0.0019960403442382812,1,42000,39500,2.142857142857143,94.22045612608578
bch,20,2,300,140,16,1.096215009689331,0.0034165382385253906,0.0030002593994140625,1,42000,39500,2.142857142857143,90.11742520943456
bch,20,2,300,140,20,0.7536311149597168,0.003012418746948242,0.0019876956939697266,1,42000,39500,2.142857142857143,106.0078005064264
bch,20,2,300,140,24,0.7639989852905273,0.003842592239379883,0.002262592315673828,1,42000,39500,2.142857142857143,120.65375706068183
bch,20,2,300,140,15,0.7466609477996826,0.0030002593994140625,0.002997875213623047,1,42000,39500,2.142857142857143,85.91908713478688
bch,20,2,300,140,23,0.5541720390319824,0.0020132064819335938,0.002002716064453125,1,42000,39500,2.142857142857143,117.0971021638278
bch,20,2,300,140,23,0.71323561668396,0.002009153366088867,0.002000093460083008,1,42000,39500,2.142857142857143,117.0971021638278
bch,20,2,300,140,24,0.503957986831665,0.0019979476928710938,0.002000093460083008,1,42000,39500,2.142857142857143,120.65375706068183
bch,20,2,300,140,25,0.5069591999053955,0.003486156463623047,0.002000093460083008,1,42000,39500,2.142857142857143,124.14505509109013
bch,20,2,300,140,13,0.7208640575408936,0.002009153366088867,0.0020008087158203125,1,42000,39500,2.142857142857143,77.21160285700768
bch,20,2,300,140,21,0.5278730392456055,0.0020182132720947266,0.0010018348693847656,1,42000,39500,2.142857142857143,109.777095270067
bch,20,2,300,140,20,1.2734401226043701,0.002998828887939453,0.002004384994506836,1,42000,39500,2.142857142857143,106.0078005064264
bch,20,2,300,140,23,0.4989316463470459,0.002996683120727539,0.0020008087158203125,1,42000,39500,2.142857142857143,117.0971021638278
bch,20,2,300,140,22,0.5139331817626953,0.003133058547973633,0.0020029544830322266,1,42000,39500,2.142857142857143,113.47249332160867
bch,20,2,300,140,17,0.8069405555725098,0.004012584686279297,0.002450227737426758,1,42000,39500,2.142857142857143,94.22045612608578
bch,20,2,300,140,20,0.833533763885498,0.0030019283294677734,0.0020020008087158203,1,42000,39500,2.142857142857143,106.0078005064264
bch,20,2,300,140,21,0.6841604709625244,0.004435062408447266,0.0019898414611816406,1,42000,39500,2.142857142857143,109.777095270067
bch,20,2,300,140,23,0.9679346084594727,0.0023474693298339844,0.0027818679809570312,1,42000,39500,2.142857142857143,117.0971021638278
bch,20,2,300,140,22,0.5229513645172119,0.0042302608489990234,0.0009965896606445312,1,42000,39500,2.142857142857143,113.47249332160867
bch,20,2,300,140,20,0.612311840057373,0.002002716064453125,0.00299835205078125,1,42000,39500,2.142857142857143,106.0078005064264
bch,20,2,300,140,19,0.5926532745361328,0.0020012855529785156,0.002005338668823242,1,42000,39500,2.142857142857143,102.1611884112559
bch,20,2,300,140,17,0.7149817943572998,0.003211498260498047,0.0010111331939697266,1,42000,39500,2.142857142857143,94.22045612608578
bch,20,2,300,140,22,0.5913324356079102,0.003073453903198242,0.0040895938873291016,1,42000,39500,2.142857142857143,113.47249332160867
bch,20,2,300,140,27,1.2406983375549316,0.003000497817993164,0.0030019283294677734,1,42000,39500,2.142857142857143,130.94094511923086
bch,20,2,300,140,20,1.1876542568206787,0.003009319305419922,0.0010006427764892578,1,42000,39500,2.142857142857143,106.0078005064264
bch,20,2,300,140,19,0.804875373840332,0.0019986629486083984,0.002001047134399414,1,42000,39500,2.142857142857143,102.1611884112559
bch,20,2,300,140,19,0.6834464073181152,0.0029981136322021484,0.0010008811950683594,1,42000,39500,2.142857142857143,102.1611884112559
bch,20,2,300,140,20,0.5217909812927246,0.0019969940185546875,0.002002239227294922,1,42000,39500,2.142857142857143,106.0078005064264
bch,20,2,300,140,18,0.6796555519104004,0.002525806427001953,0.0020029544830322266,1,42000,39500,2.142857142857143,98.23347574634288
bch,20,2,300,140,24,0.8999254703521729,0.003001689910888672,0.0010013580322265625,1,42000,39500,2.142857142857143,120.65375706068183
bch,20,2,300,140,24,1.2671053409576416,0.0043315887451171875,0.002657175064086914,1,42000,39500,2.142857142857143,120.65375706068183
bch,20,2,300,140,22,0.5068485736846924,0.0025157928466796875,0.0010001659393310547,1,42000,39500,2.142857142857143,113.47249332160867
bch,20,2,300,140,18,0.6113207340240479,0.0030035972595214844,0.003017902374267578,1,42000,39500,2.142857142857143,98.23347574634288
bch,20,2,300,140,16,0.5213155746459961,0.0020089149475097656,0.0017328262329101562,1,42000,39500,2.142857142857143,90.11742520943456
bch,20,2,300,140,24,0.603870153427124,0.0019974708557128906,0.0020003318786621094,1,42000,39500,2.142857142857143,120.65375706068183
bch,20,2,300,140,22,0.4980130195617676,0.002000093460083008,0.0020110607147216797,1,42000,39500,2.142857142857143,113.47249332160867
bch,20,2,300,140,23,0.7307214736938477,0.0023860931396484375,0.0020627975463867188,1,42000,39500,2.142857142857143,117.0971021638278
bch,20,2,300,140,17,0.6110525131225586,0.0040051937103271484,0.0010056495666503906,1,42000,39500,2.142857142857143,94.22045612608578
bch,20,2,300,140,23,1.0747301578521729,0.001999378204345703,0.0019998550415039062,1,42000,39500,2.142857142857143,117.0971021638278
bch,20,2,300,140,15,0.5675637722015381,0.001993894577026367,0.002003192901611328,1,42000,39500,2.142857142857143,85.91908713478688
bch,20,2,300,140,18,1.7369046211242676,0.002999544143676758,0.001001119613647461,1,42000,39500,2.142857142857143,98.23347574634288
bch,20,2,300,140,24,0.8740127086639404,0.0019989013671875,0.0020046234130859375,1,42000,39500,2.142857142857143,120.65375706068183
bch,20,2,300,140,20,1.111790418624878,0.002999544143676758,0.0010085105895996094,1,42000,39500,2.142857142857143,106.0078005064264
bch,20,2,300,140,15,1.165292501449585,0.0029964447021484375,0.0009989738464355469,1,42000,39500,2.142857142857143,85.91908713478688
bch,20,2,300,140,20,0.5217239856719971,0.002014636993408203,0.0026030540466308594,1,42000,39500,2.142857142857143,106.0078005064264
bch,20,2,300,140,16,0.5325381755828857,0.003161907196044922,0.0019969940185546875,1,42000,39500,2.142857142857143,90.11742520943456
bch,20,2,300,140,14,0.6024601459503174,0.0032482147216796875,0.0026099681854248047,1,42000,39500,2.142857142857143,81.61943592133842
bch,20,2,300,140,20,1.0918786525726318,0.0032427310943603516,0.0009999275207519531,1,42000,39500,2.142857142857143,106.0078005064264
bch,20,2,300,140,15,0.5049009323120117,0.002998828887939453,0.002003908157348633,1,42000,39500,2.142857142857143,85.91908713478688
bch,20,2,300,140,18,0.6001322269439697,0.001992464065551758,0.0020613670349121094,1,42000,39500,2.142857142857143,98.23347574634288
bch,20,2,300,140,22,0.7991173267364502,0.003019571304321289,0.0019996166229248047,1,42000,39500,2.142857142857143,113.47249332160867
bch,20,2,300,140,18,0.5439512729644775,0.0029990673065185547,0.0010035037994384766,1,42000,39500,2.142857142857143,98.23347574634288
bch,20,2,300,140,19,0.9395456314086914,0.0025086402893066406,0.0020093917846679688,1,42000,39500,2.142857142857143,102.1611884112559
bch,20,2,300,140,18,0.49397754669189453,0.0019996166229248047,0.002000093460083008,1,42000,39500,2.142857142857143,98.23347574634288
bch,20,2,300,140,16,0.5386955738067627,0.0029973983764648438,0.002001523971557617,1,42000,39500,2.142857142857143,90.11742520943456
bch,20,2,300,140,20,0.5912835597991943,0.004262685775756836,0.0040781497955322266,1,42000,39500,2.142857142857143,106.0078005064264
bch,20,2,300,140,19,0.572826623916626,0.002996683120727539,0.0022423267364501953,1,42000,39500,2.142857142857143,102.1611884112559
bch,20,2,300,140,26,0.5389256477355957,0.0032744407653808594,0.0020089149475097656,1,42000,39500,2.142857142857143,127.57338374591156
bch,20,2,300,140,21,0.7402997016906738,0.003000020980834961,0.0010001659393310547,1,42000,39500,2.142857142857143,109.777095270067
bch,20,2,300,140,14,0.6057240962982178,0.004014253616333008,0.002682209014892578,1,42000,39500,2.142857142857143,81.61943592133842
bch,20,2,300,140,23,0.5306134223937988,0.003007650375366211,0.002000093460083008,1,42000,39500,2.142857142857143,117.0971021638278
bch,20,2,300,140,23,0.5186951160430908,0.0019996166229248047,0.0020029544830322266,1,42000,39500,2.142857142857143,117.0971021638278
bch,20,2,300,140,21,0.5362277030944824,0.0020225048065185547,0.002012491226196289,1,42000,39500,2.142857142857143,109.777095270067
bch,20,2,300,140,17,0.5288755893707275,0.001999378204345703,0.0015382766723632812,1,42000,39500,2.142857142857143,94.22045612608578
bch,20,2,300,140,19,0.5618259906768799,0.002523183822631836,0.0014526844024658203,1,42000,39500,2.142857142857143,102.1611884112559
bch,20,2,300,140,20,0.5072362422943115,0.003448009490966797,0.0010521411895751953,1,42000,39500,2.142857142857143,106.0078005064264
bch,20,2,300,140,26,0.8010861873626709,0.001998424530029297,0.002000093460083008,1,42000,39500,2.142857142857143,127.57338374591156
bch,20,2,300,140,16,0.5404906272888184,0.002996206283569336,0.0019969940185546875,1,42000,39500,2.142857142857143,90.11742520943456
bch,20,2,300,140,27,1.1633226871490479,0.0019989013671875,0.0010001659393310547,1,42000,39500,2.142857142857143,130.94094511923086
bch,20,2,300,140,20,0.8437166213989258,0.0030007362365722656,0.001999378204345703,1,42000,39500,2.142857142857143,106.0078005064264
bch,20,2,300,140,19,0.9917762279510498,0.0019996166229248047,0.002000093460083008,1,42000,39500,2.142857142857143,102.1611884112559
bch,20,2,300,140,25,0.7870912551879883,0.0029969215393066406,0.0020041465759277344,1,42000,39500,2.142857142857143,124.14505509109013
bch,20,2,300,140,24,0.5310084819793701,0.002520322799682617,0.002010345458984375,1,42000,39500,2.142857142857143,120.65375706068183
bch,20,2,300,140,16,0.5232594013214111,0.003004789352416992,0.0009961128234863281,1,42000,39500,2.142857142857143,90.11742520943456
bch,20,2,300,140,19,0.5161223411560059,0.0019996166229248047,0.0020003318786621094,1,42000,39500,2.142857142857143,102.1611884112559
bch,20,2,300,140,24,0.6611709594726562,0.002749204635620117,0.0020024776458740234,1,42000,39500,2.142857142857143,120.65375706068183
bch,20,2,300,140,19,0.8192403316497803,0.002999544143676758,0.001003265380859375,1,42000,39500,2.142857142857143,102.1611884112559
bch,20,2,300,140,25,1.12404465675354,0.0036690235137939453,0.0027124881744384766,1,42000,39500,2.142857142857143,124.14505509109013
bch,20,2,300,140,19,0.750410795211792,0.002207040786743164,0.0018198490142822266,1,42000,39500,2.142857142857143,102.1611884112559
bch,20,2,300,140,19,0.8100442886352539,0.0031244754791259766,0.002301454544067383,1,42000,39500,2.142857142857143,102.1611884112559
bch,20,2,300,140,29,1.3111743927001953,0.003232240676879883,0.00151824951171875,1,42000,39500,2.142857142857143,137.5017680831655
bch,20,2,300,140,17,0.665935754776001,0.003000020980834961,0.0010001659393310547,1,42000,39500,2.142857142857143,94.22045612608578
bch,20,2,300,140,26,0.9725017547607422,0.0037474632263183594,0.002002716064453125,1,42000,39500,2.142857142857143,127.57338374591156
bch,20,2,300,140,28,1.4854154586791992,0.0021758079528808594,0.0010027885437011719,1,42000,39500,2.142857142857143,134.24977651105905
bch,20,2,300,140,19,0.8921267986297607,0.002523183822631836,0.0019998550415039062,1,42000,39500,2.142857142857143,102.1611884112559
bch,20,2,300,140,21,0.908883810043335,0.0019948482513427734,0.0014963150024414062,1,42000,39500,2.142857142857143,109.777095270067
bch,20,2,300,140,25,0.6978983879089355,0.0019948482513427734,0.002000570297241211,1,42000,39500,2.142857142857143,124.14505509109013
bch,20,2,300,140,20,0.5088574886322021,0.0019989013671875,0.0019998550415039062,1,42000,39500,2.142857142857143,106.0078005064264
bch,20,2,300,140,17,0.6682591438293457,0.003000020980834961,0.002003192901611328,1,42000,39500,2.142857142857143,94.22045612608578
bch,20,2,300,140,25,0.5886759757995605,0.0040132999420166016,0.002019166946411133,1,42000,39500,2.142857142857143,124.14505509109013
bch,20,2,300,140,21,0.49242067337036133,0.0019998550415039062,0.0020003318786621094,1,42000,39500,2.142857142857143,109.777095270067
bch,20,2,300,140,16,0.496046781539917,0.002999544143676758,0.0010001659393310547,1,42000,39500,2.142857142857143,90.11742520943456
bch,20,2,300,140,29,0.9016420841217041,0.002519845962524414,0.0019998550415039062,1,42000,39500,2.142857142857143,137.5017680831655
bch,20,2,300,140,18,0.7331385612487793,0.0019981861114501953,0.002000093460083008,1,42000,39500,2.142857142857143,98.23347574634288
bch,20,2,300,140,17,0.9676363468170166,0.002999544143676758,0.0029997825622558594,1,42000,39500,2.142857142857143,94.22045612608578
bch,20,2,300,140,21,0.5206692218780518,0.0029993057250976562,0.00099945068359375,1,42000,39500,2.142857142857143,109.777095270067
bch,20,2,300,140,19,0.562309741973877,0.0030024051666259766,0.0020003318786621094,1,42000,39500,2.142857142857143,102.1611884112559
bch,20,2,300,140,26,0.6658017635345459,0.002999544143676758,0.001001119613647461,1,42000,39500,2.142857142857143,127.57338374591156
bch,20,2,300,140,18,0.595991849899292,0.0020122528076171875,0.0020003318786621094,1,42000,39500,2.142857142857143,98.23347574634288
bch,20,2,300,140,21,0.7360143661499023,0.0019888877868652344,0.0020003318786621094,1,42000,39500,2.142857142857143,109.777095270067
bch,20,2,300,140,21,1.1775429248809814,0.0020096302032470703,0.002002716064453125,1,42000,39500,2.142857142857143,109.777095270067
bch,20,2,300,140,22,0.7575383186340332,0.003033161163330078,0.002008199691772461,1,42000,39500,2.142857142857143,113.47249332160867
bch,20,2,300,140,22,0.7533597946166992,0.0021452903747558594,0.001992464065551758,1,42000,39500,2.142857142857143,113.47249332160867
bch,20,2,300,140,15,0.5558061599731445,0.001998424530029297,0.0010097026824951172,1,42000,39500,2.142857142857143,85.91908713478688
bch,20,2,300,140,17,0.7034735679626465,0.0019991397857666016,0.0010006427764892578,1,42000,39500,2.142857142857143,94.22045612608578
bch,20,2,300,140,25,0.6993238925933838,0.0019643306732177734,0.0020105838775634766,1,42000,39500,2.142857142857143,124.14505509109013
bch,20,2,300,140,18,1.0302376747131348,0.0020034313201904297,0.0019998550415039062,1,42000,39500,2.142857142857143,98.23347574634288
bch,20,2,300,140,25,0.6282403469085693,0.0029006004333496094,0.0010106563568115234,1,42000,39500,2.142857142857143,124.14505509109013
bch,20,2,300,140,14,0.8314633369445801,0.0020003318786621094,0.002000093460083008,1,42000,39500,2.142857142857143,81.61943592133842
bch,20,2,300,140,20,0.6401302814483643,0.002558469772338867,0.0010001659393310547,1,42000,39500,2.142857142857143,106.0078005064264
bch,20,2,300,140,26,0.5800018310546875,0.002001523971557617,0.0019991397857666016,1,42000,39500,2.142857142857143,127.57338374591156
bch,20,2,300,140,17,0.6969335079193115,0.001999378204345703,0.0019998550415039062,1,42000,39500,2.142857142857143,94.22045612608578
bch,20,2,300,140,20,0.4855935573577881,0.0029997825622558594,0.0009999275207519531,1,42000,39500,2.142857142857143,106.0078005064264
bch,20,2,300,140,23,1.1266911029815674,0.0028319358825683594,0.0010004043579101562,1,42000,39500,2.142857142857143,117.0971021638278
bch,20,2,300,140,19,0.7587625980377197,0.0019998550415039062,0.0020003318786621094,1,42000,39500,2.142857142857143,102.1611884112559
bch,20,2,300,140,18,0.6305572986602783,0.0020933151245117188,0.0019066333770751953,1,42000,39500,2.142857142857143,98.23347574634288
bch,20,2,300,140,12,0.48879098892211914,0.0019998550415039062,0.002000093460083008,1,42000,39500,2.142857142857143,72.68765672472445
bch,20,2,300,140,18,0.7632098197937012,0.0020101070404052734,0.0020003318786621094,1,42000,39500,2.142857142857143,98.23347574634288
bch,20,2,300,140,16,1.1138896942138672,0.0019991397857666016,0.0010006427764892578,1,42000,39500,2.142857142857143,90.11742520943456
bch,20,2,300,140,20,0.4895963668823242,0.0029997825622558594,0.0010001659393310547,1,42000,39500,2.142857142857143,106.0078005064264
bch,20,2,300,140,19,1.1360433101654053,0.0029997825622558594,0.0010020732879638672,1,42000,39500,2.142857142857143,102.1611884112559
bch,20,2,300,140,17,0.5721657276153564,0.0015077590942382812,0.002014636993408203,1,42000,39500,2.142857142857143,94.22045612608578
bch,20,2,300,140,17,0.5052073001861572,0.00299835205078125,0.0010001659393310547,1,42000,39500,2.142857142857143,94.22045612608578
bch,20,2,300,140,22,0.7384259700775146,0.002998828887939453,0.0010008811950683594,1,42000,39500,2.142857142857143,113.47249332160867
bch,20,2,300,140,20,0.5145161151885986,0.002424001693725586,0.0020058155059814453,1,42000,39500,2.142857142857143,106.0078005064264
bch,20,2,300,140,19,0.575646162033081,0.003000020980834961,0.0009996891021728516,1,42000,39500,2.142857142857143,102.1611884112559
bch,20,2,300,140,22,0.493450403213501,0.002009153366088867,0.0015027523040771484,1,42000,39500,2.142857142857143,113.47249332160867
bch,20,2,300,140,21,0.5825769901275635,0.005147457122802734,0.0023288726806640625,1,42000,39500,2.142857142857143,109.777095270067
bch,20,2,300,140,20,1.3023743629455566,0.002517223358154297,0.0010104179382324219,1,42000,39500,2.142857142857143,106.0078005064264
bch,20,2,300,140,23,0.7449769973754883,0.002995014190673828,0.03200197219848633,1,42000,39500,2.142857142857143,117.0971021638278
bch,20,2,300,140,15,0.6791121959686279,0.001992464065551758,0.002000570297241211,1,42000,39500,2.142857142857143,85.91908713478688
bch,20,2,300,140,18,0.5762472152709961,0.001996278762817383,0.0015072822570800781,1,42000,39500,2.142857142857143,98.23347574634288
bch,20,2,300,140,19,0.6020305156707764,0.001997232437133789,0.0019996166229248047,1,42000,39500,2.142857142857143,102.1611884112559
bch,20,2,300,140,16,0.760634183883667,0.003999948501586914,0.0009980201721191406,1,42000,39500,2.142857142857143,90.11742520943456
bch,20,2,300,140,27,1.2206733226776123,0.003117799758911133,0.0020194053649902344,1,42000,39500,2.142857142857143,130.94094511923086
bch,20,2,300,140,22,0.6687066555023193,0.0019969940185546875,0.0019998550415039062,1,42000,39500,2.142857142857143,113.47249332160867
bch,20,2,300,140,18,1.1859209537506104,0.0029997825622558594,0.0009999275207519531,1,42000,39500,2.142857142857143,98.23347574634288
bch,20,2,300,140,26,0.48897552490234375,0.0020072460174560547,0.0020093917846679688,1,42000,39500,2.142857142857143,127.57338374591156
bch,20,2,300,140,24,0.6558561325073242,0.003737926483154297,0.0013873577117919922,1,42000,39500,2.142857142857143,120.65375706068183
bch,20,2,300,140,20,1.0818355083465576,0.002997875213623047,0.0010056495666503906,1,42000,39500,2.142857142857143,106.0078005064264
bch,20,2,300,140,15,0.5704448223114014,0.002506732940673828,0.0010101795196533203,1,42000,39500,2.142857142857143,85.91908713478688
bch,20,2,300,140,24,0.4871218204498291,0.0019965171813964844,0.0020024776458740234,1,42000,39500,2.142857142857143,120.65375706068183
bch,20,2,300,140,21,0.7915613651275635,0.0020093917846679688,0.0009999275207519531,1,42000,39500,2.142857142857143,109.777095270067
bch,20,2,300,140,21,0.49641871452331543,0.0020079612731933594,0.0020034313201904297,1,42000,39500,2.142857142857143,109.777095270067
bch,20,2,300,140,15,0.5221474170684814,0.001999378204345703,0.0024635791778564453,1,42000,39500,2.142857142857143,85.91908713478688
bch,20,2,300,140,25,0.6365139484405518,0.0030014514923095703,0.0019996166229248047,1,42000,39500,2.142857142857143,124.14505509109013
bch,20,2,300,140,22,0.48160290718078613,0.0029990673065185547,0.001003265380859375,1,42000,39500,2.142857142857143,113.47249332160867
bch,20,2,300,140,23,0.5378098487854004,0.0019979476928710938,0.0010008811950683594,1,42000,39500,2.142857142857143,117.0971021638278
bch,20,2,300,140,19,0.9133102893829346,0.0030105113983154297,0.0009987354278564453,1,42000,39500,2.142857142857143,102.1611884112559
bch,20,2,300,140,21,0.5528609752655029,0.0019989013671875,0.0020008087158203125,1,42000,39500,2.142857142857143,109.777095270067
bch,20,2,300,140,27,0.594947099685669,0.0030045509338378906,0.0022318363189697266,1,42000,39500,2.142857142857143,130.94094511923086
